time,seconds_elapsed,z,y,x
1772728920043744000,0.075743896484375,-0.13225223124027252,-0.05253437161445618,-0.17898337543010712
1772728920053262000,0.085261962890625,-0.12980876863002777,-0.04886918142437935,-0.17348559200763702
1772728920062780200,0.0947802734375,-0.12980876863002777,-0.046425722539424896,-0.15760311484336853
1772728920072298000,0.104298095703125,-0.13041962683200836,-0.043371398001909256,-0.14233149588108063
1772728920081816000,0.113816162109375,-0.12675444781780243,-0.040317077189683914,-0.1331685185432434
1772728920091334100,0.123334228515625,-0.12003492563962936,-0.03848448023200035,-0.13255766034126282
1772728920100852200,0.132852294921875,-0.11087195575237274,-0.03543015569448471,-0.13683371245861053
1772728920110370300,0.142370361328125,-0.10048725455999374,-0.023823726922273636,-0.13927717506885529
1772728920119888400,0.151888427734375,-0.08949168771505356,-0.000610864779446274,-0.1337793916463852
1772728920129406200,0.16140625,-0.07788526266813278,0.023212861269712448,-0.12644900381565094
1772728920138924500,0.170924560546875,-0.06322450190782547,0.03848448023200035,-0.1233946830034256
1772728920148442400,0.1804423828125,-0.05100720748305321,0.034208428114652634,-0.12034036219120026
1772728920157960400,0.18996044921875,-0.04306596517562866,0.007941242307424545,-0.11239911615848541
1772728920167478500,0.199478515625,-0.03451386094093323,-0.020769402384757996,-0.10567960888147354
1772728920176996600,0.20899658203125,-0.02779434807598591,-0.03909534588456154,-0.09651663154363632
1772728920186514400,0.218514404296875,-0.022907428443431854,-0.056810423731803894,-0.08002328872680664
1772728920196032800,0.22803271484375,-0.019242240116000175,-0.06902772188186646,-0.06230820715427399
1772728920205550600,0.237550537109375,-0.016187917441129684,-0.0769689604640007,-0.0409279391169548
1772728920215068700,0.247068603515625,-0.014966187067329884,-0.08063415437936783,-0.01893680728971958
1772728920224586800,0.256586669921875,-0.008246674202382565,-0.08918625861406326,0.006719512399286032
1772728920234104800,0.266104736328125,0.000305432389723137,-0.09468404203653336,0.034208428114652634
1772728920243623000,0.275622802734375,0.0021380267571657896,-0.07574722915887833,0.0616973415017128
1772728920253141000,0.28514111328125,-0.0027488914784044027,-0.04459312930703163,0.09040798991918564
1772728920262658800,0.294658935546875,-0.006414080038666725,-0.007330377586185932,0.11911863088607788
1772728920272177000,0.304177001953125,-0.003359756199643016,0.047036588191986084,0.13988803327083588
1772728920281695000,0.313695068359375,0.003970621153712273,0.10629047453403473,0.14599667489528656
1772728920291213000,0.323213134765625,0.012522728182375431,0.15027274191379547,0.1380554437637329
1772728920300731100,0.332731201171875,0.02107483521103859,0.17531819641590118,0.11484257876873016
1772728920310249200,0.342249267578125,0.03145953640341759,0.17898337543010712,0.08124501258134842
1772728920319767000,0.35176708984375,0.04428769648075104,0.1692095398902893,0.0409279391169548
1772728920329285000,0.36128515625,0.06200277432799339,0.15027274191379547,0.001832594396546483
1772728920338803200,0.37080322265625,0.08277218043804169,0.1331685185432434,-0.034208428114652634
1772728920348321300,0.3803212890625,0.11331541836261749,0.12461641430854797,-0.056810423731803894
1772728920357839400,0.38983935546875,0.14263692498207092,0.12400554865598679,-0.05436696484684944
1772728920367357400,0.399357421875,0.16340632736682892,0.10873392969369888,-0.023212861269712448
1772728920376875300,0.408875244140625,0.18417572975158691,0.06780599057674408,0.017104214057326317
1772728920386393300,0.418393310546875,0.20127993822097778,0.014660755172371864,0.06536252796649933
1772728920395911400,0.427911376953125,0.2263254076242447,-0.021380268037319183,0.12705987691879272
1772728920405429500,0.437429443359375,0.24953825771808624,-0.01954767294228077,0.18631376326084137
1772728920414947300,0.446947265625,0.2629773020744324,0.012217295356094837,0.23762640357017517
1772728920424465700,0.456465576171875,0.26419901847839355,0.06597339361906052,0.28954991698265076
1772728920433983500,0.4659833984375,0.25931209325790405,0.11728604137897491,0.33597561717033386
1772728920443501600,0.47550146484375,0.25931209325790405,0.1692095398902893,0.3744601011276245
1772728920453019600,0.48501953125,0.2574795186519623,0.2364046722650528,0.4147771894931793
1772728920462537700,0.494537841796875,0.25931209325790405,0.3035998046398163,0.4465421438217163
1772728920472055800,0.504055908203125,0.2678641974925995,0.3536907136440277,0.45937031507492065
1772728920481574000,0.513573974609375,0.2776380479335785,0.3805687427520752,0.45937031507492065
1772728920491091700,0.523091796875,0.2874118685722351,0.3897317349910736,0.45387253165245056
1772728920500609800,0.53260986328125,0.2874118685722351,0.39828383922576904,0.43921178579330444
1772728920510127900,0.5421279296875,0.2788597643375397,0.41233372688293457,0.4196641147136688
1772728920519646000,0.55164599609375,0.2715294063091278,0.4214966893196106,0.3964512348175049
1772728920529164000,0.5611640625,0.26358816027641296,0.42943793535232544,0.3646862804889679
1772728920538682000,0.57068212890625,0.2556469142436981,0.42455101013183594,0.32192572951316833
1772728920548200000,0.580199951171875,0.2507599890232086,0.4147771894931793,0.2565632164478302
1772728920557718000,0.589718017578125,0.23365578055381775,0.38667741417884827,0.17715078592300415
1772728920567236000,0.599236083984375,0.2208276242017746,0.3787361681461334,0.09162971377372742
1772728920576754200,0.608754150390625,0.21899501979351044,0.35735589265823364,0.009773836471140385
1772728920586272300,0.618272216796875,0.2153298407793045,0.30115634202957153,-0.06047561392188072
1772728920595790300,0.627790283203125,0.20616686344146729,0.24251331388950348,-0.11728604137897491
1772728920605308400,0.637308349609375,0.189673513174057,0.19425499439239502,-0.15088360011577606
1772728920614826200,0.646826171875,0.1640172004699707,0.16310089826583862,-0.1484401375055313
1772728920624344300,0.65634423828125,0.13164135813713074,0.1380554437637329,-0.11545344442129135
1772728920633862400,0.6658623046875,0.09376774728298187,0.12522727251052856,-0.06414080411195755
1772728920643380500,0.67538037109375,0.05283980444073677,0.1747073233127594,-0.002443459117785096
1772728920652898600,0.684898681640625,0.023518294095993042,0.10018182545900345,0.030543239787220955
1772728920662416600,0.694416748046875,0.012522728182375431,-0.007330377586185932,0.008552107028663158
1772728920671934700,0.703934814453125,0.004581485874950886,-0.08307760953903198,-0.03909534588456154
1772728920681452500,0.71345263671875,-0.007635809946805239,-0.13439024984836578,-0.06902772188186646
1772728920690970600,0.722970703125,-0.011911863461136818,-0.15027274191379547,-0.09285144507884979
1772728920700488700,0.73248876953125,-0.013744457624852657,-0.14660754799842834,-0.11239911615848541
1772728920710006800,0.7420068359375,-0.005192350596189499,-0.13744457066059113,-0.12583814561367035
1772728920719524900,0.75152490234375,0.005192350596189499,-0.12156209349632263,-0.12950333952903748
1772728920729043000,0.76104296875,0.0021380267571657896,-0.1026252806186676,-0.11972949653863907
1772728920738560800,0.770560791015625,-0.010079269297420979,-0.08124501258134842,-0.10140355676412582
1772728920748078800,0.780078857421875,-0.022296564653515816,-0.07024945318698883,-0.0873536616563797
1772728920757597000,0.789596923828125,-0.02412915788590908,-0.07757982611656189,-0.08918625861406326
1772728920767115000,0.799114990234375,-0.019853105768561363,-0.09468404203653336,-0.1081230640411377
1772728920776633000,0.808633056640625,-0.013133592903614044,-0.11667517572641373,-0.13500112295150757
1772728920786151200,0.818151123046875,-0.007635809946805239,-0.13561198115348816,-0.15821397304534912
1772728920795669200,0.827669189453125,-0.007024944759905338,-0.143553227186203,-0.16737695038318634
1772728920805187000,0.83718701171875,-0.012522728182375431,-0.13988803327083588,-0.15760311484336853
1772728920814705200,0.846705078125,-0.02107483521103859,-0.12095122784376144,-0.1288924664258957
1772728920824223200,0.85622314453125,-0.028405211865901947,-0.08552107214927673,-0.08307760953903198
1772728920833741300,0.8657412109375,-0.04245510324835777,-0.05864302068948746,-0.030543239787220955
1772728920843259400,0.87525927734375,-0.05711585655808449,-0.04764745384454727,0.01954767294228077
1772728920852777500,0.884777587890625,-0.07055488228797913,-0.0616973415017128,0.05803215503692627
1772728920862295300,0.89429541015625,-0.08277218043804169,-0.0977383628487587,0.07880155742168427
1772728920871813400,0.9038134765625,-0.09376774728298187,-0.15088360011577606,0.08552107214927673
1772728920881331500,0.91333154296875,-0.10415244847536087,-0.19303326308727264,0.0873536616563797
1772728920890849500,0.922849609375,-0.11942406743764877,-0.21197007596492767,0.0873536616563797
1772728920900367600,0.93236767578125,-0.13713914155960083,-0.21441353857517242,0.0873536616563797
1772728920909885700,0.9418857421875,-0.1536324918270111,-0.19792018830776215,0.08613193035125732
1772728920919403500,0.951403564453125,-0.16707152128219604,-0.16310089826583862,0.08491020649671555
1772728920928921600,0.960921630859375,-0.1805105358362198,-0.1185077652335167,0.0769689604640007
1772728920938439700,0.970439697265625,-0.19639302790164948,-0.09468404203653336,0.06291907280683517
1772728920947957800,0.979957763671875,-0.20799945294857025,-0.1026252806186676,0.049480047076940536
1772728920957475800,0.989475830078125,-0.2153298407793045,-0.1282816082239151,0.050090912729501724
1772728920966994000,0.998993896484375,-0.22754712402820587,-0.1545487940311432,0.06414080411195755
1772728920976511700,1.00851171875,-0.24220788478851318,-0.18875721096992493,0.09407317638397217
1772728920986029800,1.01802978515625,-0.25931209325790405,-0.2260199636220932,0.13500112295150757
1772728920995548000,1.0275478515625,-0.272751122713089,-0.2528980076313019,0.17715078592300415
1772728921005066000,1.03706591796875,-0.2868010103702545,-0.2614501118659973,0.21868959069252014
1772728921014584000,1.046583984375,-0.30024003982543945,-0.24312418699264526,0.25045454502105713
1772728921024102100,1.05610205078125,-0.3081812858581543,-0.20402882993221283,0.2724456787109375
1772728921033620000,1.065619873046875,-0.3136790692806244,-0.164322629570961,0.28466299176216125
1772728921043138000,1.075137939453125,-0.3191768527030945,-0.143553227186203,0.2822195291519165
1772728921052656000,1.08465625,-0.32528549432754517,-0.14049890637397766,0.26450446248054504
1772728921062174200,1.09417431640625,-0.3295615613460541,-0.14538581669330597,0.22846342623233795
1772728921071692300,1.1036923828125,-0.3289506733417511,-0.1386663019657135,0.1844811588525772
1772728921081210400,1.11321044921875,-0.32528549432754517,-0.12705987691879272,0.14294235408306122
1772728921090728200,1.122728271484375,-0.31551164388656616,-0.13133592903614044,0.10995566099882126
1772728921100246300,1.132246337890625,-0.30512696504592896,-0.14538581669330597,0.08613193035125732
1772728921109764400,1.141764404296875,-0.2910770773887634,-0.16004657745361328,0.07086031138896942
1772728921119282400,1.151282470703125,-0.2831358313560486,-0.17104214429855347,0.06352993845939636
1772728921128800500,1.160800537109375,-0.28069236874580383,-0.18753549456596375,0.07513637095689774
1772728921138318600,1.170318603515625,-0.28435754776000977,-0.22785256803035736,0.1185077652335167
1772728921147836400,1.17983642578125,-0.2868010103702545,-0.28527384996414185,0.18814635276794434
1772728921157354500,1.1893544921875,-0.2929096519947052,-0.3384190797805786,0.268169641494751
1772728921166872600,1.19887255859375,-0.31123560667037964,-0.3707949221134186,0.34208428859710693
1772728921176390700,1.208390625,-0.34055712819099426,-0.38728827238082886,0.39889469742774963
1772728921185908700,1.21790869140625,-0.3808741867542267,-0.3946186602115631,0.43860089778900146
1772728921195426800,1.2274267578125,-0.4248564541339874,-0.3946186602115631,0.4685332775115967
1772728921204944600,1.236944580078125,-0.4621191918849945,-0.39278605580329895,0.48563748598098755
1772728921214462700,1.246462646484375,-0.4969384968280792,-0.37629270553588867,0.4831940531730652
1772728921223980800,1.255980712890625,-0.5329795479774475,-0.3494146466255188,0.4563159942626953
1772728921233499000,1.265498779296875,-0.5720748901367188,-0.3035998046398163,0.401949018239975
1772728921243017000,1.275016845703125,-0.6130027770996094,-0.22968515753746033,0.33108872175216675
1772728921252535000,1.28453515625,-0.6539307236671448,-0.1533270627260208,0.2559523284435272
1772728921262052900,1.294052978515625,-0.68386310338974,-0.1026252806186676,0.18264856934547424
1772728921271571000,1.303571044921875,-0.6924152374267578,-0.08613193035125732,0.10079269111156464
1772728921281089000,1.313089111328125,-0.684473991394043,-0.08124501258134842,0.011606430634856224
1772728921290607000,1.322607177734375,-0.6710349321365356,-0.09101885557174683,-0.07024945318698883
1772728921300125200,1.332125244140625,-0.6520981788635254,-0.12034036219120026,-0.13622283935546875
1772728921309643300,1.341643310546875,-0.6331613659858704,-0.1649334877729416,-0.18387030065059662
1772728921319161000,1.3511611328125,-0.620333194732666,-0.22235478460788727,-0.2101374864578247
1772728921328679200,1.36067919921875,-0.6075050234794617,-0.27977606654167175,-0.20219624042510986
1772728921338197200,1.370197265625,-0.592233419418335,-0.33108872175216675,-0.14538581669330597
1772728921347715300,1.37971533203125,-0.5702422857284546,-0.3597993552684784,-0.056199558079242706
1772728921357233400,1.3892333984375,-0.5506945848464966,-0.3738492429256439,0.03787361457943916
1772728921366751500,1.39875146484375,-0.5323686599731445,-0.379347026348114,0.1081230640411377
1772728921376269300,1.408269287109375,-0.5140427350997925,-0.35246896743774414,0.1380554437637329
1772728921385787400,1.417787353515625,-0.49999281764030457,-0.30482152104377747,0.1282816082239151
1772728921395305500,1.427305419921875,-0.4938841760158539,-0.2614501118659973,0.09957095980644226
1772728921404823600,1.436823486328125,-0.49632763862609863,-0.2254091054201126,0.06536252796649933
1772728921414341600,1.446341552734375,-0.5024362802505493,-0.1948658674955368,0.026878049597144127
1772728921423859700,1.455859619140625,-0.5122101306915283,-0.1649334877729416,-0.01588248461484909
1772728921433377800,1.465377685546875,-0.5195404887199402,-0.1484401375055313,-0.05925388261675835
1772728921442895600,1.4748955078125,-0.5250383019447327,-0.15638138353824615,-0.10140355676412582
1772728921452413700,1.48441357421875,-0.528092622756958,-0.17653992772102356,-0.1441640853881836
1772728921461931800,1.493931884765625,-0.5317577719688416,-0.20402882993221283,-0.1905898153781891
1772728921471449900,1.503449951171875,-0.5317577719688416,-0.23884813487529755,-0.23823726177215576
1772728921480968000,1.512968017578125,-0.5250383019447327,-0.277332603931427,-0.27916520833969116
1772728921490486000,1.522486083984375,-0.5128209590911865,-0.3029889166355133,-0.2968802750110626
1772728921500003800,1.53200390625,-0.5024362802505493,-0.3133736252784729,-0.2883281707763672
1772728921509522000,1.54152197265625,-0.4944950342178345,-0.3042106628417969,-0.25900667905807495
1772728921519040000,1.5510400390625,-0.48472121357917786,-0.28527384996414185,-0.21502439677715302
1772728921528558000,1.56055810546875,-0.47433650493621826,-0.2608392536640167,-0.16554436087608337
1772728921538076200,1.570076171875,-0.4676169753074646,-0.2315177470445633,-0.11239911615848541
1772728921547594200,1.57959423828125,-0.46456265449523926,-0.20280711352825165,-0.06414080411195755
1772728921557112000,1.589112060546875,-0.46456265449523926,-0.17226386070251465,-0.02871064469218254
1772728921566630100,1.598630126953125,-0.46395179629325867,-0.13927717506885529,-0.002443459117785096
1772728921576148200,1.608148193359375,-0.4608974754810333,-0.10140355676412582,0.0054977829568088055
1772728921585666300,1.617666259765625,-0.45478883385658264,-0.06047561392188072,0
1772728921595184000,1.62718408203125,-0.4462367296218872,-0.03543015569448471,-0.008552107028663158
1772728921604702500,1.636702392578125,-0.4376846253871918,-0.023823726922273636,-0.020769402384757996
1772728921614220300,1.64622021484375,-0.42791077494621277,-0.0256563201546669,-0.037262752652168274
1772728921623738400,1.65573828125,-0.4108065664768219,-0.03176496922969818,-0.06352993845939636
1772728921633256400,1.66525634765625,-0.39186975359916687,-0.043982263654470444,-0.09285144507884979
1772728921642774500,1.6747744140625,-0.37232208251953125,-0.07269290834665298,-0.1178968995809555
1772728921652292400,1.684292236328125,-0.35277441143989563,-0.12522727251052856,-0.13500112295150757
1772728921661810700,1.693810791015625,-0.3338375985622406,-0.185092031955719,-0.14477495849132538
1772728921671328500,1.70332861328125,-0.32162031531333923,-0.24312418699264526,-0.1496618688106537
1772728921680846600,1.7128466796875,-0.31001389026641846,-0.29138249158859253,-0.15088360011577606
1772728921690364700,1.72236474609375,-0.3032943606376648,-0.3170388340950012,-0.14294235408306122
1772728921699882800,1.7318828125,-0.2965748608112335,-0.2993237376213074,-0.12461641430854797
1772728921709400600,1.741400634765625,-0.28557929396629333,-0.24434591829776764,-0.09651663154363632
1772728921718918700,1.750918701171875,-0.2721402645111084,-0.16737695038318634,-0.06230820715427399
1772728921728436700,1.760436767578125,-0.25503605604171753,-0.06597339361906052,-0.01893680728971958
1772728921737954800,1.769954833984375,-0.23243404924869537,0.05070177838206291,0.021991131827235222
1772728921747473000,1.779472900390625,-0.20372340083122253,0.16065743565559387,0.050090912729501724
1772728921756991000,1.788990966796875,-0.17318016290664673,0.2406807243824005,0.06047561392188072
1772728921766508800,1.7985087890625,-0.1432477980852127,0.287106454372406,0.04581485688686371
1772728921776027000,1.80802685546875,-0.10965022444725037,0.29565855860710144,0.009162971749901772
1772728921785545000,1.817544921875,-0.07422006875276566,0.26878049969673157,-0.03481929376721382
1772728921795063000,1.82706298828125,-0.04428769648075104,0.19120067358016968,-0.07819069176912308
1772728921804581000,1.8365810546875,-0.021685699000954628,0.06536252796649933,-0.12034036219120026
1772728921814099200,1.84609912109375,-0.003970621153712273,-0.09834922850131989,-0.14660754799842834
1772728921823617000,1.855616943359375,0.01740964688360691,-0.2669478952884674,-0.1331685185432434
1772728921833135000,1.865135009765625,0.0412333719432354,-0.4257727563381195,-0.053145237267017365
1772728921842653200,1.874653076171875,0.06261363625526428,-0.5290089249610901,0.07269290834665298
1772728921852171300,1.884171142578125,0.06627883017063141,-0.5522217750549316,0.21746785938739777
1772728921861689300,1.893689453125,0.06261363625526428,-0.5241219997406006,0.35124725103378296
1772728921871207400,1.90320751953125,0.06017018109560013,-0.4422661066055298,0.45387253165245056
1772728921880725200,1.912725341796875,0.05955931544303894,-0.31093016266822815,0.5180133581161499
1772728921890243300,1.922243408203125,0.054672397673130035,-0.15149445831775665,0.5479456782341003
1772728921899761400,1.931761474609375,0.0461202897131443,-0.000610864779446274,0.5393936038017273
1772728921909279500,1.941279541015625,0.032070402055978775,0.12644900381565094,0.48441576957702637
1772728921918797600,1.950797607421875,0.016798781231045723,0.22174391150474548,0.3805687427520752
1772728921928315600,1.960315673828125,0.003359756199643016,0.2809978127479553,0.2510654330253601
1772728921937833700,1.969833740234375,-0.0015271619195118546,0.3078758418560028,0.12461641430854797
1772728921947351600,1.9793515625,-0.004581485874950886,0.3017672002315521,0.025045456364750862
1772728921956869600,1.98886962890625,-0.0027488914784044027,0.26939135789871216,-0.040317077189683914
1772728921966387700,1.9983876953125,0.003359756199643016,0.21930044889450073,-0.08124501258134842
1772728921975905800,2.00790576171875,0.013133592903614044,0.17348559200763702,-0.11423171311616898
1772728921985424000,2.017423828125,0.029016077518463135,0.1331685185432434,-0.13561198115348816
1772728921994942000,2.02694189453125,0.04673115536570549,0.08063415437936783,-0.13072505593299866
1772728922004459800,2.036459716796875,0.06566796451807022,0.014660755172371864,-0.09651663154363632
1772728922013977900,2.045977783203125,0.08155044913291931,-0.06047561392188072,-0.046425722539424896
1772728922023496000,2.055495849609375,0.09193515032529831,-0.11972949653863907,0.0030543238390237093
1772728922033014000,2.065013916015625,0.09621120244264603,-0.15210533142089844,0.036651886999607086
1772728922042531800,2.07453173828125,0.09621120244264603,-0.15027274191379547,0.05070177838206291
1772728922052050200,2.08405029296875,0.09193515032529831,-0.12034036219120026,0.05253437161445618
1772728922061568000,2.093568115234375,0.08521563559770584,-0.07635809481143951,0.04825831577181816
1772728922071086000,2.103086181640625,0.07544180005788803,-0.030543239787220955,0.04214967042207718
1772728922080604200,2.112604248046875,0.061391908675432205,0.012217295356094837,0.0360410213470459
1772728922090122200,2.122122314453125,0.041844237595796585,0.04886918142437935,0.023823726922273636
1772728922109158100,2.141158203125,-0.0021380267571657896,0.09651663154363632,-0.03481929376721382
1772728922118676200,2.15067626953125,-0.019853105768561363,0.10018182545900345,-0.08063415437936783
1772728922128194300,2.1601943359375,-0.032070402055978775,0.09407317638397217,-0.1337793916463852
1772728922137712400,2.16971240234375,-0.04245510324835777,0.08307760953903198,-0.19120067358016968
1772728922147230500,2.17923046875,-0.05345066636800766,0.05436696484684944,-0.2467893660068512
1772728922156748300,2.188748291015625,-0.06444623321294785,0.01282816007733345,-0.2974911332130432
1772728922166266400,2.198266357421875,-0.0717766135931015,-0.028099779039621353,-0.33719736337661743
1772728922175784400,2.207784423828125,-0.07544180005788803,-0.06414080411195755,-0.36163195967674255
1772728922185302500,2.217302490234375,-0.07910698652267456,-0.09346231073141098,-0.3689623177051544
1772728922194820600,2.226820556640625,-0.07788526266813278,-0.1185077652335167,-0.3640754222869873
1772728922204338700,2.236338623046875,-0.07299833744764328,-0.12767073512077332,-0.35063639283180237
1772728922213856500,2.2458564453125,-0.06322450190782547,-0.1282816082239151,-0.32009315490722656
1772728922223374600,2.25537451171875,-0.05528326332569122,-0.12950333952903748,-0.27366742491722107
1772728922232892700,2.264892578125,-0.05406153202056885,-0.1331685185432434,-0.2205221801996231
1772728922242410800,2.27441064453125,-0.04978547990322113,-0.1282816082239151,-0.17043127119541168
1772728922251928800,2.2839287109375,-0.04245510324835777,-0.0977383628487587,-0.11728604137897491
1772728922261447000,2.293447021484375,-0.04062250629067421,-0.05803215503692627,-0.05497783049941063
1772728922270964700,2.30296484375,-0.04428769648075104,-0.02871064469218254,-0.000610864779446274
1772728922280482800,2.31248291015625,-0.05345066636800766,-0.017104214057326317,0.030543239787220955
1772728922290001000,2.3220009765625,-0.06444623321294785,-0.01893680728971958,0.030543239787220955
1772728922299519000,2.33151904296875,-0.07116574794054031,-0.023212861269712448,0.004276053514331579
1772728922309037000,2.341037109375,-0.07422006875276566,-0.02932151034474373,-0.0360410213470459
1772728922318555100,2.35055517578125,-0.0772743970155716,-0.050090912729501724,-0.08491020649671555
1772728922328073000,2.360072998046875,-0.07849612087011337,-0.08063415437936783,-0.13561198115348816
1772728922337591000,2.369591064453125,-0.07788526266813278,-0.09590577334165573,-0.17776164412498474
1772728922347109000,2.379109130859375,-0.0717766135931015,-0.09834922850131989,-0.19425499439239502
1772728922356627200,2.388627197265625,-0.061391908675432205,-0.09957095980644226,-0.18387030065059662
1772728922366145300,2.398145263671875,-0.05100720748305321,-0.1026252806186676,-0.15638138353824615
1772728922375663000,2.4076630859375,-0.04367683082818985,-0.09590577334165573,-0.11606431007385254
1772728922385181200,2.41718115234375,-0.03940077871084213,-0.07819069176912308,-0.05070177838206291
1772728922394699300,2.42669921875,-0.04062250629067421,-0.05192350596189499,0.04520399495959282
1772728922404217300,2.43621728515625,-0.04673115536570549,-0.017104214057326317,0.1649334877729416
1772728922413735400,2.4457353515625,-0.05589412897825241,0.011606430634856224,0.28527384996414185
1772728922423253500,2.45525341796875,-0.06872228533029556,0.03298669680953026,0.37201663851737976
1772728922432771300,2.464771240234375,-0.07483093440532684,0.06475166976451874,0.40317076444625854
1772728922442289400,2.474289306640625,-0.07544180005788803,0.09896009415388107,0.37690356373786926
1772728922451807500,2.483807373046875,-0.06444623321294785,0.11423171311616898,0.31093016266822815
1772728922461325600,2.49332568359375,-0.0461202897131443,0.10873392969369888,0.22296564280986786
1772728922470843600,2.50284375,-0.0204639695584774,0.08918625861406326,0.1282816082239151
1772728922480361700,2.51236181640625,0.013133592903614044,0.07086031138896942,0.043371398001909256
1772728922489879600,2.521879638671875,0.05833758786320686,0.056810423731803894,-0.03176496922969818
1772728922499397600,2.531397705078125,0.09987638890743256,0.03176496922969818,-0.08857539296150208
1772728922508915700,2.540915771484375,0.12980876863002777,-0.013439024798572063,-0.11056652665138245
1772728922518433800,2.550433837890625,0.14508038759231567,-0.06963858753442764,-0.08368847519159317
1772728922527952000,2.559951904296875,0.14630211889743805,-0.14538581669330597,0.002443459117785096
1772728922537470000,2.569469970703125,0.14080433547496796,-0.22479823231697083,0.14294235408306122
1772728922546987800,2.57898779296875,0.12431098520755768,-0.28405213356018066,0.3090975880622864
1772728922556505900,2.588505859375,0.09376774728298187,-0.2919933497905731,0.4630354940891266
1772728922566024000,2.59802392578125,0.057726722210645676,-0.23518294095993042,0.5839866995811462
1772728922575542000,2.6075419921875,0.0308486707508564,-0.1484401375055313,0.6713404059410095
1772728922585060000,2.61706005859375,0.019242240116000175,-0.07330377399921417,0.7226530313491821
1772728922594578200,2.626578125,0.010079269297420979,-0.008552107028663158,0.7379246354103088
1772728922604096000,2.636095947265625,-0.006414080038666725,0.053145237267017365,0.7134900689125061
1772728922613614000,2.645614013671875,-0.025961752980947495,0.09957095980644226,0.6682860851287842
1772728922623132200,2.655132080078125,-0.0461202897131443,0.12583814561367035,0.6029235124588013
1772728922632650200,2.664650146484375,-0.05345066636800766,0.12217295914888382,0.5192350745201111
1772728922642168000,2.67416796875,-0.05100720748305321,0.11911863088607788,0.4251618981361389
1772728922651686400,2.683686279296875,-0.04367683082818985,0.1178968995809555,0.3274235129356384
1772728922661204200,2.693204345703125,-0.035735588520765305,0.11056652665138245,0.2364046722650528
1772728922670722300,2.702722412109375,-0.02718348242342472,0.10567960888147354,0.143553227186203
1772728922680240400,2.712240478515625,-0.011911863461136818,0.10873392969369888,0.039706211537122726
1772728922689758500,2.721758544921875,0.00946840364485979,0.11728604137897491,-0.05925388261675835
1772728922699276300,2.7312763671875,0.03817904740571976,0.11545344442129135,-0.1380554437637329
1772728922708794400,2.74079443359375,0.07483093440532684,0.10140355676412582,-0.1948658674955368
1772728922718312400,2.7503125,0.11575887352228165,0.08368847519159317,-0.23212862014770508
1772728922727830500,2.75983056640625,0.16035200655460358,0.06230820715427399,-0.2467893660068512
1772728922737348600,2.7693486328125,0.20372340083122253,0.039706211537122726,-0.22968515753746033
1772728922746866700,2.77886669921875,0.24526220560073853,0.020769402384757996,-0.17531819641590118
1772728922756384800,2.788384765625,0.29046618938446045,0.010995565913617611,-0.08918625861406326
1772728922765902600,2.797902587890625,0.33628106117248535,0.021991131827235222,-0.004886918235570192
1772728922775420700,2.807420654296875,0.374765545129776,0.04153880476951599,0.05192350596189499
1772728922784938800,2.816938720703125,0.40897396206855774,0.0616973415017128,0.06841685622930527
1772728922794456800,2.826456787109375,0.4419606626033783,0.07574722915887833,0.06047561392188072
1772728922803975000,2.835974853515625,0.46944957971572876,0.08918625861406326,0.03787361457943916
1772728922813493000,2.845492919921875,0.48655378818511963,0.10018182545900345,0.009773836471140385
1772728922823010800,2.8550107421875,0.4944950342178345,0.10751219838857651,-0.029932374134659767
1772728922832529000,2.86452880859375,0.49632763862609863,0.10323614627122879,-0.08918625861406326
1772728922842047000,2.874046875,0.4981602132320404,0.08796452730894089,-0.16126830875873566
1772728922851565000,2.88356494140625,0.4975493550300598,0.06047561392188072,-0.2309068888425827
1772728922861083000,2.893082763671875,0.5006036758422852,0.028099779039621353,-0.29138249158859253
1772728922870601200,2.902601318359375,0.5024362802505493,-0.003665188793092966,-0.3451386094093323
1772728922880119000,2.912119140625,0.5024362802505493,-0.037262752652168274,-0.39767298102378845
1772728922889637000,2.92163720703125,0.5061014890670776,-0.07147117704153061,-0.4465421438217163
1772728922899155200,2.9311552734375,0.518318772315979,-0.09529490768909454,-0.4838049113750458
1772728922908673300,2.94067333984375,0.5415316224098206,-0.11117739230394363,-0.5039634704589844
1772728922918191000,2.950191162109375,0.5665770769119263,-0.12461641430854797,-0.5076286196708679
1772728922927709200,2.959709228515625,0.5867356061935425,-0.12705987691879272,-0.49418962001800537
1772728922937227300,2.969227294921875,0.5940660238265991,-0.11728604137897491,-0.47097674012184143
1772728922946745300,2.978745361328125,0.5910117030143738,-0.08124501258134842,-0.4373791813850403
1772728922956263400,2.988263427734375,0.5885682106018066,-0.020769402384757996,-0.4007273018360138
1772728922965781500,2.997781494140625,0.5904008150100708,0.050090912729501724,-0.3610210716724396
1772728922975299300,3.00729931640625,0.592233419418335,0.1130099818110466,-0.31520622968673706
1772728922984817400,3.0168173828125,0.592233419418335,0.1692095398902893,-0.2620609998703003
1772728922994335500,3.02633544921875,0.5897899270057678,0.21380266547203064,-0.20830489695072174
1772728923003853600,3.035853515625,0.581848680973053,0.24312418699264526,-0.164322629570961
1772728923013371600,3.04537158203125,0.5745183229446411,0.25473061203956604,-0.13683371245861053
1772728923022889700,3.0548896484375,0.5757400393486023,0.25350889563560486,-0.1233946830034256
1772728923032407600,3.064407470703125,0.5879573225975037,0.25350889563560486,-0.11239911615848541
1772728923041925600,3.073925537109375,0.6056724190711975,0.24984370172023773,-0.10079269111156464
1772728923051443700,3.083443603515625,0.620333194732666,0.23518294095993042,-0.09101885557174683
1772728923060961800,3.0929619140625,0.6325504779815674,0.2107483446598053,-0.08429934084415436
1772728923070480000,3.10247998046875,0.6447677612304688,0.18325942754745483,-0.07269290834665298
1772728923079997700,3.111997802734375,0.6563742160797119,0.15515965223312378,-0.04764745384454727
1772728923089515800,3.121515869140625,0.664926290512085,0.13011419773101807,-0.015271619893610477
1772728923099033900,3.131033935546875,0.6692023873329163,0.11117739230394363,0.021991131827235222
1772728923108552000,3.140552001953125,0.6698132157325745,0.09712749719619751,0.06536252796649933
1772728923118070000,3.150070068359375,0.6692023873329163,0.09590577334165573,0.11667517572641373
1772728923127588000,3.159588134765625,0.6692023873329163,0.10567960888147354,0.16859868168830872
1772728923137106000,3.16910595703125,0.6759218573570251,0.1288924664258957,0.2156352698802948
1772728923146624000,3.1786240234375,0.6863065958023071,0.17043127119541168,0.25045454502105713
1772728923156142000,3.18814208984375,0.6997455954551697,0.21502439677715302,0.25900667905807495
1772728923165660200,3.19766015625,0.713184654712677,0.25961753726005554,0.2315177470445633
1772728923175178200,3.20717822265625,0.7266236543655396,0.2968802750110626,0.16615521907806396
1772728923184696300,3.2166962890625,0.7418952584266663,0.3170388340950012,0.08918625861406326
1772728923194214100,3.226214111328125,0.7608320713043213,0.31031930446624756,0.01893680728971958
1772728923203732200,3.235732177734375,0.7828232049942017,0.29077163338661194,-0.043982263654470444
1772728923213250300,3.245250244140625,0.7999274134635925,0.2663370370864868,-0.11362084746360779
1772728923222768400,3.254768310546875,0.8066469430923462,0.2516762912273407,-0.19181154668331146
1772728923232286200,3.2642861328125,0.8060360550880432,0.258395791053772,-0.2632827162742615
1772728923241804500,3.273804443359375,0.8121446967124939,0.26389357447624207,-0.3023780584335327
1772728923251322400,3.283322265625,0.8206968307495117,0.2577849328517914,-0.2828303873538971
1772728923260840400,3.29284033203125,0.8323032855987549,0.22724169492721558,-0.17165300250053406
1772728923270358500,3.302358642578125,0.8524618148803711,0.16859868168830872,0.04153880476951599
1772728923279876600,3.311876708984375,0.868955135345459,0.11362084746360779,0.31154105067253113
1772728923289394400,3.32139453125,0.8640682101249695,0.08796452730894089,0.5668824911117554
1772728923298912500,3.33091259765625,0.8414662480354309,0.1178968995809555,0.7562506198883057
1772728923308430600,3.3404306640625,0.8274163603782654,0.21502439677715302,0.8851430416107178
1772728923317948700,3.34994873046875,0.8329141139984131,0.34574946761131287,0.9639446139335632
1772728923327466800,3.359466796875,0.8439096808433533,0.49480047821998596,0.9767727851867676
1772728923336984800,3.36898486328125,0.850018322467804,0.6511818766593933,0.924238383769989
1772728923346502700,3.378502685546875,0.8524618148803711,0.7886264324188232,0.8032872080802917
1772728923356020700,3.388020751953125,0.8530726432800293,0.8833104968070984,0.6261364221572876
1772728923365538800,3.397538818359375,0.8604030609130859,0.915075421333313,0.4153880476951599
1772728923375057000,3.407056884765625,0.878728985786438,0.8918625712394714,0.1954767256975174
1772728923384575000,3.416574951171875,0.9098830819129944,0.831997811794281,-0.002443459117785096
1772728923394093000,3.426093017578125,0.952032744884491,0.7428115606307983,-0.16249002516269684
1772728923403611000,3.43561083984375,0.9954041838645935,0.6389645338058472,-0.2816086709499359
1772728923413129000,3.44512890625,1.0393863916397095,0.526565432548523,-0.36285367608070374
1772728923422647000,3.45464697265625,1.0772600173950195,0.4098902642726898,-0.41355544328689575
1772728923432165000,3.4641650390625,1.1059707403182983,0.2974911332130432,-0.4477638900279999
1772728923441683200,3.47368310546875,1.1242966651916504,0.1997527778148651,-0.47525280714035034
1772728923451201000,3.483200927734375,1.1261292695999146,0.10079269111156464,-0.49480047821998596
1772728923460719000,3.492718994140625,1.1114684343338013,-0.009162971749901772,-0.4917461574077606
1772728923470237200,3.5022373046875,1.0888664722442627,-0.11178825795650482,-0.4563159942626953
1772728923479755300,3.51175537109375,1.063210129737854,-0.17715078592300415,-0.39217519760131836
1772728923489273300,3.5212734375,1.038164734840393,-0.19242240488529205,-0.3090975880622864
1772728923498791400,3.53079150390625,1.015562653541565,-0.14294235408306122,-0.21441353857517242
1772728923508309200,3.540309326171875,0.9935715794563293,-0.05070177838206291,-0.11423171311616898
1772728923517827300,3.549827392578125,0.9673043489456177,0.06780599057674408,-0.018325943499803543
1772728923527345400,3.559345458984375,0.9361502528190613,0.1899789422750473,0.05558869615197182
1772728923536863500,3.568863525390625,0.9043853282928467,0.2981020212173462,0.09407317638397217
1772728923546381600,3.578381591796875,0.878728985786438,0.38667741417884827,0.08979712426662445
1772728923555899600,3.587899658203125,0.8610138893127441,0.4514290690422058,0.0513126403093338
1772728923565417500,3.59741748046875,0.8518509268760681,0.5015199780464172,-0.010995565913617611
1772728923574935600,3.606935546875,0.8487966060638428,0.5393936038017273,-0.07819069176912308
1772728923584453600,3.61645361328125,0.8506292104721069,0.545502245426178,-0.13011419773101807
1772728923593971700,3.6259716796875,0.8530726432800293,0.5216785073280334,-0.16187916696071625
1772728923603489500,3.635489501953125,0.8567378520965576,0.47586366534233093,-0.18814635276794434
1772728923613008000,3.6450078125,0.8604030609130859,0.43004879355430603,-0.21380266547203064
1772728923622525700,3.654525634765625,0.8671225309371948,0.4001164436340332,-0.23945899307727814
1772728923632043800,3.664043701171875,0.8732311725616455,0.36774060130119324,-0.2614501118659973
1772728923641561900,3.673561767578125,0.8744529485702515,0.33047783374786377,-0.27855435013771057
1772728923651080000,3.683079833984375,0.8732311725616455,0.2981020212173462,-0.2864955961704254
1772728923660597800,3.69259765625,0.8707877397537231,0.27550002932548523,-0.2877173125743866
1772728923670115800,3.70211572265625,0.8683443069458008,0.2577849328517914,-0.2864955961704254
1772728923679634000,3.711634033203125,0.8652899861335754,0.23762640357017517,-0.2834412455558777
1772728923689152000,3.721152099609375,0.8634573817253113,0.21807873249053955,-0.27977606654167175
1772728923698670000,3.730670166015625,0.8646790981292725,0.20830489695072174,-0.26939135789871216
1772728923708188200,3.740188232421875,0.868955135345459,0.2009745091199875,-0.24801109731197357
1772728923717706000,3.7497060546875,0.8738420605659485,0.19669845700263977,-0.21258094906806946
1772728923727224000,3.75922412109375,0.8756746649742126,0.2003636509180069,-0.17287473380565643
1772728923736742100,3.7687421875,0.8671225309371948,0.20219624042510986,-0.13683371245861053
1772728923746260200,3.77826025390625,0.8549052476882935,0.19425499439239502,-0.11117739230394363
1772728923755778300,3.7877783203125,0.8463531732559204,0.17531819641590118,-0.09346231073141098
1772728923765296000,3.797296142578125,0.8420770764350891,0.14599667489528656,-0.07635809481143951
1772728923774814200,3.806814208984375,0.8402445316314697,0.11545344442129135,-0.056199558079242706
1772728923784332300,3.816332275390625,0.8378010392189026,0.08796452730894089,-0.03909534588456154
1772728923793850400,3.825850341796875,0.8310815095901489,0.06414080411195755,-0.026878049597144127
1772728923803368400,3.835368408203125,0.8237511515617371,0.059864748269319534,-0.004276053514331579
1772728923812886500,3.844886474609375,0.8139773011207581,0.07024945318698883,0.03481929376721382
1772728923822404400,3.854404296875,0.8109229803085327,0.09346231073141098,0.09468404203653336
1772728923831922400,3.86392236328125,0.8097012639045715,0.11178825795650482,0.16737695038318634
1772728923841440500,3.8734404296875,0.8097012639045715,0.11667517572641373,0.23457208275794983
1772728923850958600,3.88295849609375,0.8097012639045715,0.10384701192378998,0.2828303873538971
1772728923860476700,3.8924765625,0.804814338684082,0.08124501258134842,0.3042106628417969
1772728923869994800,3.901994873046875,0.7980948090553284,0.053145237267017365,0.28954991698265076
1772728923879512600,3.9115126953125,0.7993165850639343,0.04276053607463837,0.2419024556875229
1772728923889030700,3.92103076171875,0.8103121519088745,0.04520399495959282,0.16676609218120575
1772728923898548700,3.930548828125,0.8298597931861877,0.04764745384454727,0.07086031138896942
1772728923908066800,3.94006689453125,0.8536835312843323,0.03909534588456154,-0.034208428114652634
1772728923917584600,3.949584716796875,0.8830050230026245,0.034208428114652634,-0.14599667489528656
1772728923927102700,3.959102783203125,0.9245438575744629,0.04886918142437935,-0.2614501118659973
1772728923936620800,3.968620849609375,0.981354296207428,0.07574722915887833,-0.34697118401527405
1772728923946139000,3.978138916015625,1.0387755632400513,0.08613193035125732,-0.37262752652168274
1772728923955657000,3.987656982421875,1.0772600173950195,0.050090912729501724,-0.3237583339214325
1772728923965175000,3.997175048828125,1.0955859422683716,-0.04886918142437935,-0.1948658674955368
1772728923974692900,4.00669287109375,1.0968077182769775,-0.18081597983837128,0.01649334840476513
1772728923984211000,4.0162109375,1.0803143978118896,-0.2675587832927704,0.28405213356018066
1772728923993729000,4.02572900390625,1.036332130432129,-0.2889390289783478,0.5558869242668152
1772728924003247000,4.0352470703125,0.971580445766449,-0.24923282861709595,0.7904590368270874
1772728924012765200,4.04476513671875,0.9117156863212585,-0.13133592903614044,0.9767727851867676
1772728924022283300,4.054283203125,0.8677334189414978,0.05192350596189499,1.0848958492279053
1772728924031801000,4.063801025390625,0.8390227556228638,0.28588470816612244,1.0952805280685425
1772728924041319200,4.073319091796875,0.8378010392189026,0.5503891706466675,1.007315993309021
1772728924050837200,4.082837158203125,0.8665117025375366,0.7837395071983337,0.8399390578269958
1772728924060355300,4.092355224609375,0.9184352159500122,0.9291253089904785,0.6120865345001221
1772728924069873400,4.101873291015625,0.9850194454193115,0.9816597104072571,0.3597993552684784
1772728924079391200,4.11139111328125,1.0613775253295898,0.9517273306846619,0.12767073512077332
1772728924088909300,4.120909423828125,1.1310161352157593,0.8503237962722778,-0.06536252796649933
1772728924098427400,4.130427490234375,1.193324327468872,0.6695078015327454,-0.2101374864578247
1772728924107945500,4.139945556640625,1.24769127368927,0.45387253165245056,-0.3084867000579834
1772728924117463600,4.149463623046875,1.2898409366607666,0.26450446248054504,-0.3488037884235382
1772728924126981600,4.158981689453125,1.3295471668243408,0.11545344442129135,-0.30970844626426697
1772728924136499500,4.16849951171875,1.3686425685882568,0.010384701192378998,-0.21380266547203064
1772728924146017500,4.178017578125,1.4046835899353027,-0.02626718580722809,-0.08552107214927673
1772728924155535600,4.18753564453125,1.434615969657898,0.0030543238390237093,0.053756099194288254
1772728924165053700,4.1970537109375,1.4608831405639648,0.09101885557174683,0.19242240488529205
1772728924174571800,4.20657177734375,1.479819893836975,0.21685700118541718,0.3170388340950012
1772728924184089900,4.21608984375,1.4920371770858765,0.3543015718460083,0.4166097939014435
1772728924193607700,4.225607666015625,1.5042544603347778,0.49113526940345764,0.481361448764801
1772728924203125800,4.235125732421875,1.518304467201233,0.6181951761245728,0.5064069032669067
1772728924212643800,4.244643798828125,1.534186840057373,0.7226530313491821,0.4935787320137024
1772728924222162000,4.254161865234375,1.5525128841400146,0.7953459620475769,0.44348782300949097
1772728924231679700,4.2636796875,1.5696170330047607,0.8484911918640137,0.3597993552684784
1772728924241197800,4.27319775390625,1.5922189950942993,0.8692606091499329,0.24434591829776764
1772728924250716000,4.2827158203125,1.6166536808013916,0.8625410795211792,0.10873392969369888
1772728924260234000,4.29223388671875,1.6368122100830078,0.84177166223526,-0.03176496922969818
1772728924269752000,4.301751953125,1.6520837545394897,0.8142827749252319,-0.17653992772102356
1772728924279270100,4.311270263671875,1.6728532314300537,0.7971785664558411,-0.3194822669029236
1772728924288788000,4.3207880859375,1.6991204023361206,0.7770199775695801,-0.4471530318260193
1772728924298306000,4.33030615234375,1.7272201776504517,0.7415898442268372,-0.5400044918060303
1772728924307824000,4.33982421875,1.7522655725479126,0.6908880472183228,-0.5998691916465759
1772728924317342200,4.34934228515625,1.7724241018295288,0.6420188546180725,-0.6322450637817383
1772728924326860300,4.3588603515625,1.7876957654953003,0.5968148708343506,-0.6316341757774353
1772728924336378400,4.36837841796875,1.7974696159362793,0.5400044918060303,-0.5955931544303894
1772728924345896200,4.377896240234375,1.8109086751937866,0.4776962697505951,-0.5308414697647095
1772728924355414300,4.387414306640625,1.8322888612747192,0.4196641147136688,-0.4477638900279999
1772728924364932400,4.396932373046875,1.8555017709732056,0.37629270553588867,-0.3549124300479889
1772728924374450400,4.406450439453125,1.866497278213501,0.3652971386909485,-0.2657261788845062
1772728924383968500,4.415968505859375,1.8652756214141846,0.3842339515686035,-0.18814635276794434
1772728924393486300,4.425486328125,1.8542799949645996,0.43004879355430603,-0.12278381735086441
1772728924403004400,4.43500439453125,1.83839750289917,0.4886918365955353,-0.06780599057674408
1772728924412522500,4.4445224609375,1.8200715780258179,0.5479456782341003,-0.0256563201546669
1772728924422040600,4.45404052734375,1.80357825756073,0.6059778332710266,0.007330377586185932
1772728924431558700,4.46355859375,1.787084937095642,0.6536253094673157,0.03237583488225937
1772728924441076700,4.47307666015625,1.7712024450302124,0.695164144039154,0.0513126403093338
1772728924450594600,4.482594482421875,1.7571525573730469,0.7257073521614075,0.06597339361906052
1772728924460112600,4.492112548828125,1.7455461025238037,0.7360920310020447,0.07330377399921417
1772728924469630700,4.501630615234375,1.7357722520828247,0.7342594861984253,0.07574722915887833
1772728924479148800,4.511148681640625,1.7321070432662964,0.7275399565696716,0.07086031138896942
1772728924488666600,4.52066650390625,1.7321070432662964,0.7159335017204285,0.06230820715427399
1772728924498184700,4.530184814453125,1.7321070432662964,0.7018836140632629,0.05742128938436508
1772728924507702800,4.539702880859375,1.7290527820587158,0.6908880472183228,0.05558869615197182
1772728924517220900,4.549220947265625,1.7247767448425293,0.6921098232269287,0.05864302068948746
1772728924526739000,4.558739013671875,1.7223331928253174,0.7037162184715271,0.06841685622930527
1772728924536257000,4.568257080078125,1.7205007076263428,0.7147117853164673,0.08491020649671555
1772728924545774800,4.57777490234375,1.7235549688339233,0.7312051653862,0.10140355676412582
1772728924555293000,4.58729296875,1.729663610458374,0.7446441650390625,0.11178825795650482
1772728924564811000,4.59681103515625,1.7351614236831665,0.749531090259552,0.11056652665138245
1772728924574329000,4.6063291015625,1.738215684890747,0.7422007322311401,0.10629047453403473
1772728924583847200,4.61584716796875,1.7339396476745605,0.7177661061286926,0.10384701192378998
1772728924593365200,4.625365234375,1.7314962148666382,0.6743947267532349,0.10140355676412582
1772728924602883000,4.634883056640625,1.7327179908752441,0.6352993845939636,0.09346231073141098
1772728924612401200,4.644401123046875,1.7357722520828247,0.6102539300918579,0.08307760953903198
1772728924621919200,4.653919189453125,1.7357722520828247,0.5913171172142029,0.07513637095689774
1772728924631437300,4.663437255859375,1.7302744388580322,0.5784889459609985,0.07269290834665298
1772728924640955400,4.672955322265625,1.7205007076263428,0.5900954008102417,0.07024945318698883
1772728924650473200,4.68247314453125,1.712559461593628,0.6304124593734741,0.07024945318698883
1772728924659991300,4.6919912109375,1.7082833051681519,0.6805033683776855,0.06230820715427399
1772728924669509400,4.70150927734375,1.7119485139846802,0.7379246354103088,0.0360410213470459
1772728924679027500,4.71102734375,1.7235549688339233,0.8026763200759888,-0.023212861269712448
1772728924688545500,4.720545654296875,1.7473787069320679,0.8576541543006897,-0.11545344442129135
1772728924698063600,4.730063720703125,1.778532862663269,0.8967494964599609,-0.21319180727005005
1772728924707581400,4.73958154296875,1.8060216903686523,0.9107993841171265,-0.2828303873538971
1772728924717099500,4.749099609375,1.8200715780258179,0.8784235715866089,-0.30604326725006104
1772728924726617600,4.75861767578125,1.8341214656829834,0.7800742983818054,-0.235793799161911
1772728924736135700,4.7681357421875,1.8634430170059204,0.6291907429695129,-0.03909534588456154
1772728924745653500,4.777653564453125,1.9007058143615723,0.5229002237319946,0.2565632164478302
1772728924755171800,4.787171875,1.9300272464752197,0.48013970255851746,0.574212908744812
1772728924764689700,4.796689697265625,1.925140380859375,0.49541133642196655,0.8368847370147705
1772728924774207700,4.806207763671875,1.898873209953308,0.5919279456138611,1.0195332765579224
1772728924783725800,4.815725830078125,1.8732168674468994,0.7556397318840027,1.1209368705749512
1772728924793244000,4.825243896484375,1.8475605249404907,0.9553925395011902,1.128878116607666
1772728924802761700,4.83476171875,1.832899808883667,1.1814124584197998,1.0390809774398804
1772728924812279800,4.84427978515625,1.84145188331604,1.4031563997268677,0.8576541543006897
1772728924821798000,4.8537978515625,1.8750494718551636,1.554650902748108,0.5974257588386536
1772728924831316000,4.86331591796875,1.9318598508834839,1.6071852445602417,0.3017672002315521
1772728924840834000,4.872833984375,2.0014984607696533,1.5705333948135376,0.01954767294228077
1772728924850352000,4.88235205078125,2.0723588466644287,1.4648537635803223,-0.21319180727005005
1772728924859870000,4.891869873046875,2.1364996433258057,1.3115266561508179,-0.38850998878479004
1772728924869388000,4.901387939453125,2.1914772987365723,1.1282672882080078,-0.5106829404830933
1772728924878906000,4.910906005859375,2.237903118133545,0.9199623465538025,-0.5668824911117554
1772728924888424200,4.920424072265625,2.2672245502471924,0.7024945020675659,-0.5510000586509705
1772728924897942000,4.92994189453125,2.268446445465088,0.5009090900421143,-0.4783071279525757
1772728924907460000,4.939460205078125,2.240346670150757,0.3396408259868622,-0.36835145950317383
1772728924916978200,4.948978271484375,2.1896448135375977,0.2577849328517914,-0.24923282861709595
1772728924926496300,4.958496337890625,2.1279475688934326,0.2565632164478302,-0.14599667489528656
1772728924936014300,4.968014404296875,2.0693044662475586,0.33231043815612793,-0.06597339361906052
1772728924945532400,4.977532470703125,2.014937400817871,0.4404335021972656,0.004276053514331579
1772728924955050500,4.987050537109375,1.9562944173812866,0.546113133430481,0.06902772188186646
1772728924964568300,4.996568359375,1.895818829536438,0.6462949514389038,0.12217295914888382
1772728924974086400,5.00608642578125,1.83839750289917,0.7354812026023865,0.15699224174022675
1772728924983604500,5.0156044921875,1.787084937095642,0.822834849357605,0.16249002516269684
1772728924993122600,5.02512255859375,1.7473787069320679,0.9071341753005981,0.14172062277793884
1772728925002640400,5.034640380859375,1.7205007076263428,0.972496747970581,0.09529490768909454
1772728925012158500,5.044158447265625,1.7082833051681519,1.0146464109420776,0.034208428114652634
1772728925021676500,5.053676513671875,1.6991204023361206,1.0396918058395386,-0.03237583488225937
1772728925031194600,5.063194580078125,1.6881247758865356,1.0384701490402222,-0.10323614627122879
1772728925040712700,5.072712646484375,1.6771292686462402,1.01708984375,-0.17837251722812653
1772728925050230800,5.082230712890625,1.6661336421966553,0.9883792400360107,-0.25350889563560486
1772728925059748600,5.09174853515625,1.6545273065567017,0.943175196647644,-0.32009315490722656
1772728925069266700,5.1012666015625,1.6398664712905884,0.8863648176193237,-0.37690356373786926
1772728925078784800,5.11078466796875,1.6215405464172363,0.8240565657615662,-0.4202749729156494
1772728925088302800,5.120302734375,1.592829942703247,0.748920202255249,-0.4465421438217163
1772728925097821000,5.129821044921875,1.5482367277145386,0.675616443157196,-0.4618137776851654
1772728925107339000,5.139339111328125,1.4932589530944824,0.6017017960548401,-0.4679224193096161
1772728925116856800,5.14885693359375,1.4358376264572144,0.5381718873977661,-0.45448338985443115
1772728925126375000,5.158375,1.3802490234375,0.4819723069667816,-0.41416633129119873
1772728925135893000,5.16789306640625,1.3283255100250244,0.4404335021972656,-0.3585776388645172
1772728925145411000,5.1774111328125,1.2794562578201294,0.4159989058971405,-0.29993459582328796
1772728925154929000,5.186928955078125,1.2385283708572388,0.39217519760131836,-0.23884813487529755
1772728925164447000,5.196447021484375,1.2037090063095093,0.3597993552684784,-0.18387030065059662
1772728925173965000,5.205965087890625,1.1731657981872559,0.33231043815612793,-0.14110976457595825
1772728925183483100,5.215483154296875,1.148120403289795,0.30482152104377747,-0.09834922850131989
1772728925193001200,5.225001220703125,1.1224640607833862,0.2816086709499359,-0.05253437161445618
1772728925202519300,5.234519287109375,1.0961968898773193,0.26450446248054504,-0.000610864779446274
1772728925212037000,5.244037109375,1.0711513757705688,0.2467893660068512,0.04886918142437935
1772728925221555200,5.25355517578125,1.043662428855896,0.23335035145282745,0.0873536616563797
1772728925231073300,5.2630732421875,1.0149518251419067,0.2101374864578247,0.1081230640411377
1772728925240591400,5.27259130859375,0.9819651246070862,0.17348559200763702,0.1081230640411377
1772728925250109400,5.282109375,0.9440914988517761,0.13133592903614044,0.09712749719619751
1772728925259627300,5.291627197265625,0.9080504775047302,0.09346231073141098,0.08491020649671555
1772728925269145300,5.301145263671875,0.8768963813781738,0.056199558079242706,0.0873536616563797
1772728925278663400,5.310663330078125,0.8439096808433533,0.014049889519810677,0.10751219838857651
1772728925288181500,5.320181396484375,0.8115338683128357,-0.031154103577136993,0.13622283935546875
1772728925297699600,5.329699462890625,0.7809906005859375,-0.07024945318698883,0.17653992772102356
1772728925307217700,5.3392177734375,0.7541125416755676,-0.10384701192378998,0.21746785938739777
1772728925316735500,5.348735595703125,0.7302888631820679,-0.12522727251052856,0.2516762912273407
1772728925326253600,5.358253662109375,0.7058542370796204,-0.1441640853881836,0.2706131041049957
1772728925335771600,5.367771728515625,0.6740893125534058,-0.16249002516269684,0.25900667905807495
1772728925345289700,5.377289794921875,0.6386591196060181,-0.17898337543010712,0.21135921776294708
1772728925354807600,5.3868076171875,0.6044507026672363,-0.17898337543010712,0.1331685185432434
1772728925364325600,5.39632568359375,0.5720748901367188,-0.17653992772102356,0.02626718580722809
1772728925373843700,5.40584375,0.5506945848464966,-0.17776164412498474,-0.10751219838857651
1772728925383361800,5.41536181640625,0.5482511520385742,-0.15821397304534912,-0.25900667905807495
1772728925392879900,5.4248798828125,0.5610793232917786,-0.12644900381565094,-0.39217519760131836
1772728925402398000,5.43439794921875,0.5806269645690918,-0.11972949653863907,-0.4673115611076355
1772728925411915800,5.443915771484375,0.5934551358222961,-0.17348559200763702,-0.41355544328689575
1772728925421433900,5.453433837890625,0.5720748901367188,-0.27366742491722107,-0.2107483446598053
1772728925430952000,5.462951904296875,0.5134318470954895,-0.36835145950317383,0.0922405794262886
1772728925440470000,5.472469970703125,0.4108065664768219,-0.379347026348114,0.40805765986442566
1772728925449988000,5.481988037109375,0.2880227565765381,-0.2730565667152405,0.6701186895370483
1772728925459506000,5.491505859375,0.20799945294857025,-0.07941242307424545,0.850934624671936
1772728925469024000,5.50102392578125,0.16768237948417664,0.15210533142089844,0.9224058389663696
1772728925478542000,5.5105419921875,0.14752385020256042,0.3488037884235382,0.8900299668312073
1772728925488060200,5.52006005859375,0.1389717310667038,0.47952884435653687,0.7916807532310486
1772728925497578200,5.529578125,0.1328630894422531,0.5473348498344421,0.665842592716217
1772728925507096300,5.539096435546875,0.1279761642217636,0.5656607747077942,0.5351175665855408
1772728925516614100,5.5486142578125,0.13164135813713074,0.5485565662384033,0.4098902642726898
1772728925526132200,5.55813232421875,0.14263692498207092,0.5070177912712097,0.2889390289783478
1772728925535650300,5.567650390625,0.16340632736682892,0.4361574649810791,0.18203771114349365
1772728925545168400,5.57716845703125,0.19150610268115997,0.35063639283180237,0.09346231073141098
1772728925554686200,5.586686279296875,0.22388194501399994,0.2718348205089569,0.0256563201546669
1772728925564204500,5.59620458984375,0.25992295145988464,0.20952661335468292,-0.015271619893610477
1772728925573722400,5.605722412109375,0.291687935590744,0.16615521907806396,-0.021991131827235222
1772728925583240400,5.615240478515625,0.3130682110786438,0.14110976457595825,0.008552107028663158
1772728925592758500,5.624758544921875,0.3295615613460541,0.14172062277793884,0.05803215503692627
1772728925602276600,5.634276611328125,0.34238970279693604,0.1594357043504715,0.10995566099882126
1772728925611794400,5.64379443359375,0.3601047992706299,0.19120067358016968,0.1533270627260208
1772728925621312500,5.6533125,0.3863719701766968,0.24801109731197357,0.1802051067352295
1772728925630830600,5.66283056640625,0.41325002908706665,0.3384190797805786,0.19303326308727264
1772728925640348700,5.6723486328125,0.4407389461994171,0.4416552484035492,0.19730933010578156
1772728925649866500,5.681866455078125,0.467006117105484,0.5308414697647095,0.1893680840730667
1772728925659384600,5.691384521484375,0.4975493550300598,0.5949822664260864,0.1594357043504715
1772728925668902700,5.700902587890625,0.5311469435691833,0.6200277805328369,0.10567960888147354
1772728925678420700,5.710420654296875,0.5665770769119263,0.6120865345001221,0.03298669680953026
1772728925687938800,5.719938720703125,0.6026180982589722,0.5876519083976746,-0.053145237267017365
1772728925697457000,5.729456787109375,0.6368265151977539,0.5522217750549316,-0.14782927930355072
1772728925706975000,5.73897509765625,0.6710349321365356,0.4978547990322113,-0.24373504519462585
1772728925716492800,5.748492919921875,0.7015781998634338,0.43004879355430603,-0.33169957995414734
1772728925726011000,5.758010986328125,0.7327322959899902,0.3707949221134186,-0.40255987644195557
1772728925735529000,5.767529052734375,0.757777750492096,0.3237583339214325,-0.45448338985443115
1772728925745047000,5.777047119140625,0.7724385261535645,0.27916520833969116,-0.4917461574077606
1772728925754564900,5.78656494140625,0.7785471677780151,0.24006985127925873,-0.5198459029197693
1772728925764083200,5.796083251953125,0.7785471677780151,0.2156352698802948,-0.5424479246139526
1772728925773601000,5.80560107421875,0.7785471677780151,0.20830489695072174,-0.5522217750549316
1772728925783119000,5.815119140625,0.777325451374054,0.20158538222312927,-0.5436696410179138
1772728925792637200,5.82463720703125,0.7779362797737122,0.185092031955719,-0.5119046568870544
1772728925802155300,5.8341552734375,0.7742711305618286,0.1649334877729416,-0.45448338985443115
1772728925811673000,5.843673095703125,0.7620537877082825,0.14538581669330597,-0.379347026348114
1772728925821191200,5.853191162109375,0.7418952584266663,0.12278381735086441,-0.29565855860710144
1772728925830709200,5.862709228515625,0.713184654712677,0.11239911615848541,-0.21746785938739777
1772728925840227300,5.872227294921875,0.6808087825775146,0.13072505593299866,-0.15577052533626556
1772728925849745400,5.881745361328125,0.6466003656387329,0.1692095398902893,-0.11056652665138245
1772728925859263500,5.891263427734375,0.6130027770996094,0.2107483446598053,-0.07024945318698883
1772728925868781300,5.90078125,0.5812378525733948,0.24434591829776764,-0.03543015569448471
1772728925878299400,5.91029931640625,0.5488619804382324,0.2620609998703003,-0.012217295356094837
1772728925887817500,5.9198173828125,0.5152644515037537,0.26511532068252563,0.000610864779446274
1772728925897335600,5.92933544921875,0.48044514656066895,0.2528980076313019,0.002443459117785096
1772728925906853400,5.938853271484375,0.448069304227829,0.22418737411499023,0.003665188793092966
1772728925916371500,5.948371337890625,0.42363473773002625,0.18264856934547424,0.006719512399286032
1772728925925889500,5.9578896484375,0.40714138746261597,0.14172062277793884,0.010384701192378998
1772728925935407600,5.96740771484375,0.39858928322792053,0.10323614627122879,0.020769402384757996
1772728925944925700,5.97692578125,0.3906480371952057,0.0616973415017128,0.031154103577136993
1772728925954443800,5.98644384765625,0.3814850449562073,0.012217295356094837,0.04459312930703163
1772728925963961600,5.995961669921875,0.37171122431755066,-0.034208428114652634,0.06597339361906052
1772728925973479700,6.005479736328125,0.36254823207855225,-0.07086031138896942,0.09529490768909454
1772728925982997800,6.014997802734375,0.3503309488296509,-0.07880155742168427,0.12644900381565094
1772728925992515800,6.024515869140625,0.33689191937446594,-0.049480047076940536,0.16310089826583862
1772728926002034000,6.034033935546875,0.32650721073150635,0.0054977829568088055,0.20280711352825165
1772728926011551700,6.0435517578125,0.324063777923584,0.08063415437936783,0.24740023910999298
1772728926021069800,6.05306982421875,0.3277289569377899,0.16676609218120575,0.2877173125743866
1772728926030588000,6.062587890625,0.3399462401866913,0.25350889563560486,0.2993237376213074
1772728926040106000,6.07210595703125,0.3637699782848358,0.33231043815612793,0.2816086709499359
1772728926049624000,6.0816240234375,0.3949240744113922,0.40255987644195557,0.2577849328517914
1772728926059142100,6.09114208984375,0.42913252115249634,0.44898560643196106,0.22479823231697083
1772728926068660000,6.100659912109375,0.4633409380912781,0.46364638209342957,0.17287473380565643
1772728926078178000,6.110177978515625,0.4944950342178345,0.45387253165245056,0.09896009415388107
1772728926087696100,6.119696044921875,0.528092622756958,0.4324922561645508,0.010384701192378998
1772728926097214200,6.129214111328125,0.5506945848464966,0.3903425931930542,-0.0720820426940918
1772728926106732000,6.13873193359375,0.5586358308792114,0.3249800503253937,-0.1288924664258957
1772728926116250000,6.14825,0.5610793232917786,0.22846342623233795,-0.14538581669330597
1772728926125768200,6.157768310546875,0.5757400393486023,0.10201441496610641,-0.08124501258134842
1772728926135286300,6.167286376953125,0.6087267398834229,-0.018325943499803543,0.06414080411195755
1772728926144804400,6.176804443359375,0.6484329700469971,-0.10567960888147354,0.2528980076313019
1772728926154322400,6.186322509765625,0.6759218573570251,-0.15271618962287903,0.4373791813850403
1772728926163840300,6.19584033203125,0.6863065958023071,-0.1441640853881836,0.5870410799980164
1772728926173358300,6.2053583984375,0.6899717450141907,-0.05192350596189499,0.6957749724388123
1772728926182876400,6.21487646484375,0.694247841835022,0.09651663154363632,0.7715222239494324
1772728926192394500,6.22439453125,0.6991347670555115,0.2528980076313019,0.8106175661087036
1772728926201912600,6.23391259765625,0.6997455954551697,0.3970620930194855,0.7812960743904114
1772728926211430400,6.243430419921875,0.693636953830719,0.5308414697647095,0.6517927050590515
1772728926220948500,6.252948486328125,0.6869174242019653,0.6414080262184143,0.4422661066055298
1772728926230466600,6.262466552734375,0.6911935210227966,0.7055488228797913,0.21197007596492767
1772728926239984600,6.271984619140625,0.7156280875205994,0.7281508445739746,0.007330377586185932
1772728926249502700,6.281502685546875,0.7461713552474976,0.7312051653862,-0.13683371245861053
1772728926259020800,6.291020751953125,0.776103675365448,0.7281508445739746,-0.22724169492721558
1772728926268538600,6.30053857421875,0.8023709058761597,0.7092140316963196,-0.2883281707763672
1772728926278056700,6.310056640625,0.8249728679656982,0.6750055551528931,-0.318871408700943
1772728926287574800,6.31957470703125,0.8475748896598816,0.618806004524231,-0.3066541254520416
1772728926297092900,6.3290927734375,0.8622356653213501,0.5412262082099915,-0.26939135789871216
1772728926306610700,6.338610595703125,0.8713986277580261,0.43982264399528503,-0.21746785938739777
1772728926316128800,6.348128662109375,0.8713986277580261,0.3170388340950012,-0.15699224174022675
1772728926325646800,6.357646728515625,0.85918128490448,0.18692462146282196,-0.09529490768909454
1772728926335165000,6.3671650390625,0.8341358304023743,0.08368847519159317,-0.046425722539424896
1772728926344683000,6.37668310546875,0.8023709058761597,0.03909534588456154,-0.014660755172371864
1772728926354201000,6.386201171875,0.7657189965248108,0.03848448023200035,0.009773836471140385
1772728926363719000,6.395718994140625,0.7272345423698425,0.07513637095689774,0.027488915249705315
1772728926373237000,6.405237060546875,0.6924152374267578,0.14538581669330597,0.03909534588456154
1772728926382755000,6.414755126953125,0.6582068204879761,0.22968515753746033,0.04459312930703163
1772728926392273200,6.424273193359375,0.6264418363571167,0.3084867000579834,0.04276053607463837
1772728926401791000,6.433791015625,0.600785493850708,0.379347026348114,0.025045456364750862
1772728926411309000,6.44330908203125,0.5800161361694336,0.43860089778900146,-0.008552107028663158
1772728926420827100,6.4528271484375,0.5635227560997009,0.47586366534233093,-0.05192350596189499
1772728926430345200,6.46234521484375,0.5519163012504578,0.48991355299949646,-0.09651663154363632
1772728926439863300,6.47186328125,0.5445859432220459,0.4825831651687622,-0.1386663019657135
1772728926449381400,6.48138134765625,0.5354229807853699,0.45937031507492065,-0.1740964651107788
1772728926458899500,6.4908994140625,0.5244274139404297,0.43004879355430603,-0.20280711352825165
1772728926468417300,6.500417236328125,0.5115992426872253,0.3903425931930542,-0.22663083672523499
1772728926477935400,6.509935302734375,0.49510589241981506,0.34147340059280396,-0.24312418699264526
1772728926487453400,6.519453369140625,0.47494736313819885,0.2938259541988373,-0.25045454502105713
1772728926496971500,6.528971435546875,0.44929105043411255,0.24862197041511536,-0.24556763470172882
1772728926506489300,6.5384892578125,0.4199695289134979,0.20952661335468292,-0.23396120965480804
1772728926516007400,6.54800732421875,0.3857611119747162,0.1747073233127594,-0.21197007596492767
1772728926525525500,6.557525390625,0.35216355323791504,0.14233149588108063,-0.18081597983837128
1772728926535043600,6.567043701171875,0.323452889919281,0.11056652665138245,-0.13927717506885529
1772728926544561700,6.576561767578125,0.29474225640296936,0.08368847519159317,-0.08918625861406326
1772728926554079700,6.586079833984375,0.26908594369888306,0.06841685622930527,-0.03848448023200035
1772728926563597600,6.59559765625,0.2507599890232086,0.07757982611656189,0.01282816007733345
1772728926573115600,6.60511572265625,0.23548837006092072,0.09651663154363632,0.06475166976451874
1772728926582633700,6.6146337890625,0.21777328848838806,0.10079269111156464,0.11178825795650482
1772728926592151800,6.62415185546875,0.20250166952610016,0.09712749719619751,0.14660754799842834
1772728926601669600,6.633669677734375,0.19211697578430176,0.08857539296150208,0.15699224174022675
1772728926611187700,6.643187744140625,0.18173226714134216,0.06780599057674408,0.14172062277793884
1772728926620705800,6.652705810546875,0.1695149689912796,0.0409279391169548,0.09957095980644226
1772728926630224000,6.662223876953125,0.15241076052188873,0.021991131827235222,0.036651886999607086
1772728926639742000,6.671741943359375,0.1334739476442337,0.01282816007733345,-0.037262752652168274
1772728926649260000,6.681260009765625,0.11636973917484283,0.01893680728971958,-0.10018182545900345
1772728926658777900,6.69077783203125,0.09987638890743256,0.02932151034474373,-0.13744457066059113
1772728926668296000,6.7002958984375,0.08032871782779694,0.031154103577136993,-0.1539379209280014
1772728926677814000,6.70981396484375,0.06261363625526428,0.02626718580722809,-0.15149445831775665
1772728926687332000,6.71933203125,0.041844237595796585,0.010995565913617611,-0.13500112295150757
1772728926696850200,6.72885009765625,0.016187917441129684,-0.002443459117785096,-0.10140355676412582
1772728926706368000,6.738367919921875,-0.0021380267571657896,-0.012217295356094837,-0.04153880476951599
1772728926715886000,6.747885986328125,-0.018631376326084137,-0.024434590712189674,0.04459312930703163
1772728926725404200,6.757404052734375,-0.03390299528837204,-0.0256563201546669,0.13744457066059113
1772728926734922200,6.766922119140625,-0.0565049909055233,-0.01588248461484909,0.20891575515270233
1772728926744440300,6.7764404296875,-0.08399390429258347,-0.010384701192378998,0.24495677649974823
1772728926753958400,6.78595849609375,-0.11453714966773987,-0.009773836471140385,0.235793799161911
1772728926763476200,6.795476318359375,-0.13958260416984558,-0.004886918235570192,0.18753549456596375
1772728926772994300,6.804994384765625,-0.15241076052188873,0,0.11056652665138245
1772728926782512400,6.814512451171875,-0.15241076052188873,0.013439024798572063,0.01588248461484909
1772728926792030500,6.824030517578125,-0.14019346237182617,0.01649334840476513,-0.08368847519159317
1772728926801548300,6.83354833984375,-0.12003492563962936,-0.010384701192378998,-0.164322629570961
1772728926811066400,6.84306640625,-0.09498947113752365,-0.07269290834665298,-0.2003636509180069
1772728926820584400,6.85258447265625,-0.07360920310020447,-0.1692095398902893,-0.164322629570961
1772728926830102500,6.8621025390625,-0.05955931544303894,-0.2816086709499359,-0.0360410213470459
1772728926839620600,6.87162060546875,-0.061391908675432205,-0.37690356373786926,0.17898337543010712
1772728926849138700,6.881138671875,-0.09376774728298187,-0.4257727563381195,0.41905322670936584
1772728926858656500,6.890656494140625,-0.15790854394435883,-0.40378162264823914,0.6175842881202698
1772728926868174600,6.900174560546875,-0.22999058663845062,-0.31520622968673706,0.7348703145980835
1772728926877692700,6.909692626953125,-0.29046618938446045,-0.21746785938739777,0.7666352987289429
1772728926887210800,6.919210693359375,-0.34238970279693604,-0.1380554437637329,0.7165443897247314
1772728926896728800,6.928728759765625,-0.3900371491909027,-0.07086031138896942,0.6145299673080444
1772728926906246700,6.93824658203125,-0.42913252115249634,-0.01893680728971958,0.49052441120147705
1772728926915764700,6.9477646484375,-0.46517354249954224,0.010384701192378998,0.3646862804889679
1772728926925282800,6.95728271484375,-0.499381959438324,0.007330377586185932,0.24373504519462585
1772728926934801000,6.96680078125,-0.5250383019447327,-0.02626718580722809,0.1233946830034256
1772728926944319000,6.976319091796875,-0.536644697189331,-0.07330377399921417,0.010384701192378998
1772728926953837000,6.985837158203125,-0.5390881896018982,-0.11423171311616898,-0.07574722915887833
1772728926963355000,6.99535498046875,-0.537255585193634,-0.15027274191379547,-0.13194678723812103
1772728926972873000,7.004873046875,-0.536644697189331,-0.17715078592300415,-0.16615521907806396
1772728926982391000,7.01439111328125,-0.536644697189331,-0.1948658674955368,-0.18325942754745483
1772728926991909000,7.0239091796875,-0.5323686599731445,-0.19364413619041443,-0.18081597983837128
1772728927001427000,7.033427001953125,-0.5213730931282043,-0.1649334877729416,-0.1441640853881836
1772728927010945000,7.042945068359375,-0.4987711012363434,-0.12156209349632263,-0.05742128938436508
1772728927020463000,7.052463134765625,-0.4657844007015228,-0.08491020649671555,0.06841685622930527
1772728927029981200,7.061981201171875,-0.43340855836868286,-0.056199558079242706,0.20402882993221283
1772728927039499300,7.071499267578125,-0.4059196412563324,-0.043371398001909256,0.31520622968673706
1772728927049017300,7.081017333984375,-0.3808741867542267,-0.015271619893610477,0.3689623177051544
1772728927058535200,7.09053515625,-0.3546070158481598,0.028099779039621353,0.36224281787872314
1772728927068053200,7.10005322265625,-0.3228420317173004,0.06414080411195755,0.3182605504989624
1772728927077571300,7.1095712890625,-0.2868010103702545,0.07635809481143951,0.24984370172023773
1772728927087089400,7.11908935546875,-0.25320345163345337,0.06352993845939636,0.15638138353824615
1772728927096607200,7.128607177734375,-0.22388194501399994,0.040317077189683914,0.0409279391169548
1772728927106125300,7.138125244140625,-0.20311254262924194,0.0030543238390237093,-0.07880155742168427
1772728927115643400,7.147643310546875,-0.19211697578430176,-0.050090912729501724,-0.18692462146282196
1772728927125161500,7.157161376953125,-0.18295399844646454,-0.1130099818110466,-0.27916520833969116
1772728927134679600,7.166679443359375,-0.17623448371887207,-0.17226386070251465,-0.35613417625427246
1772728927144197400,7.176197265625,-0.16707152128219604,-0.21807873249053955,-0.41905322670936584
1772728927153715500,7.185715576171875,-0.15179990231990814,-0.24434591829776764,-0.45875945687294006
1772728927163233500,7.195233642578125,-0.1334739476442337,-0.2522871494293213,-0.4673115611076355
1772728927172751600,7.204751708984375,-0.1182023361325264,-0.24434591829776764,-0.4520399272441864
1772728927182269700,7.214269775390625,-0.1029307171702385,-0.21441353857517242,-0.4214966893196106
1772728927191787800,7.223787841796875,-0.09132428467273712,-0.17592905461788177,-0.37140578031539917
1772728927201305600,7.2333056640625,-0.08521563559770584,-0.13988803327083588,-0.3042106628417969
1772728927210823700,7.24282373046875,-0.08582650125026703,-0.1130099818110466,-0.23396120965480804
1772728927220341800,7.252341796875,-0.09071341902017593,-0.08857539296150208,-0.1740964651107788
1772728927229859800,7.26185986328125,-0.09621120244264603,-0.05803215503692627,-0.12767073512077332
1772728927239378000,7.2713779296875,-0.10231985151767731,-0.017715077847242355,-0.09651663154363632
1772728927248896000,7.28089599609375,-0.10720676928758621,0.02932151034474373,-0.0720820426940918
1772728927258413800,7.290413818359375,-0.10842850059270859,0.06536252796649933,-0.056810423731803894
1772728927267932000,7.299931884765625,-0.10598503798246384,0.0922405794262886,-0.04214967042207718
1772728927277450000,7.309449951171875,-0.09926552325487137,0.11117739230394363,-0.029932374134659767
1772728927286968000,7.318968017578125,-0.09010255336761475,0.11911863088607788,-0.020158538594841957
1772728927296486000,7.32848583984375,-0.07910698652267456,0.1185077652335167,-0.018325943499803543
1772728927306004000,7.33800390625,-0.06505709886550903,0.10934479534626007,-0.0256563201546669
1772728927315522000,7.34752197265625,-0.0461202897131443,0.09101885557174683,-0.033597562462091446
1772728927325040000,7.3570400390625,-0.024740023538470268,0.06475166976451874,-0.03787361457943916
1772728927334558200,7.36655810546875,-0.006414080038666725,0.03543015569448471,-0.02626718580722809
1772728927344076300,7.376076171875,0.006414080038666725,0.017104214057326317,0.01588248461484909
1772728927353594000,7.385593994140625,0.011911863461136818,0.010995565913617611,0.07635809481143951
1772728927363112200,7.3951123046875,0.011300998739898205,0.028099779039621353,0.14172062277793884
1772728927372630300,7.40463037109375,0.00946840364485979,0.0769689604640007,0.20341797173023224
1772728927382148400,7.4141484375,0.011300998739898205,0.1441640853881836,0.2516762912273407
1772728927391666400,7.42366650390625,0.018631376326084137,0.205861434340477,0.2767217457294464
1772728927401184300,7.433184326171875,0.0308486707508564,0.25961753726005554,0.27366742491722107
1772728927410702300,7.442702392578125,0.0461202897131443,0.3072649836540222,0.2510654330253601
1772728927420220400,7.452220458984375,0.06750056147575378,0.3433060050010681,0.22235478460788727
1772728927429738500,7.461738525390625,0.09621120244264603,0.360410213470459,0.185092031955719
1772728927439256600,7.471256591796875,0.13225223124027252,0.36224281787872314,0.13744457066059113
1772728927448774700,7.480774658203125,0.17867794632911682,0.3426951467990875,0.0824667438864708
1772728927458292500,7.49029248046875,0.22693626582622528,0.29138249158859253,0.020769402384757996
1772728927467810600,7.499810546875,0.2684750556945801,0.22296564280986786,-0.04276053607463837
1772728927477328600,7.50932861328125,0.3032943606376648,0.15638138353824615,-0.09346231073141098
1772728927486846700,7.5188466796875,0.33750277757644653,0.09040798991918564,-0.10201441496610641
1772728927496364500,7.528364501953125,0.37171122431755066,0.02260199747979641,-0.050090912729501724
1772728927505882600,7.537882568359375,0.4046979248523712,-0.031154103577136993,0.056199558079242706
1772728927515400700,7.547400634765625,0.425467312335968,-0.05558869615197182,0.2003636509180069
1772728927524918800,7.556918701171875,0.4272999167442322,-0.053756099194288254,0.35246896743774414
1772728927534436600,7.5664365234375,0.4156934916973114,-0.011606430634856224,0.48930269479751587
1772728927543955000,7.575954833984375,0.4004218578338623,0.08674279600381851,0.593149721622467
1772728927553472800,7.58547265625,0.3900371491909027,0.22418737411499023,0.6585122346878052
1772728927562990800,7.594990966796875,0.38881543278694153,0.36163195967674255,0.665842592716217
1772728927572509000,7.604509033203125,0.3857611119747162,0.4838049113750458,0.5986474752426147
1772728927582026800,7.61402685546875,0.3796524703502655,0.5852084755897522,0.4618137776851654
1772728927591544800,7.623544921875,0.374765545129776,0.6579013466835022,0.2712239623069763
1772728927601063000,7.63306298828125,0.38331764936447144,0.6927206516265869,0.06902772188186646
1772728927610581000,7.6425810546875,0.39797839522361755,0.6817250847816467,-0.11239911615848541
1772728927620099000,7.65209912109375,0.41386088728904724,0.62857985496521,-0.2614501118659973
1772728927629617200,7.6616171875,0.42974337935447693,0.5491674542427063,-0.379347026348114
1772728927639135000,7.671135009765625,0.4358520209789276,0.4508182108402252,-0.462424635887146
1772728927648653000,7.680653076171875,0.4474584460258484,0.31093016266822815,-0.4935787320137024
1772728927658171100,7.690171142578125,0.476779967546463,0.1288924664258957,-0.471587598323822
1772728927667689200,7.699689208984375,0.499381959438324,-0.05497783049941063,-0.39889469742774963
1772728927677207300,7.709207275390625,0.5122101306915283,-0.21930044889450073,-0.28954991698265076
1772728927686725400,7.718725341796875,0.5115992426872253,-0.3243691921234131,-0.16615521907806396
1772728927696243200,7.7282431640625,0.49510589241981506,-0.34086254239082336,-0.04886918142437935
1772728927705761300,7.73776123046875,0.46395179629325867,-0.3023780584335327,0.043371398001909256
1772728927715279400,7.747279296875,0.4248564541339874,-0.22968515753746033,0.10690133273601532
1772728927724797400,7.75679736328125,0.3894262909889221,-0.13439024984836578,0.14660754799842834
1772728927734315300,7.766315185546875,0.36254823207855225,-0.04459312930703163,0.17104214429855347
1772728927743833300,7.775833251953125,0.3393353819847107,0.03481929376721382,0.17592905461788177
1772728927753351400,7.785351318359375,0.3173442482948303,0.10018182545900345,0.15760311484336853
1772728927762869500,7.794869384765625,0.29901832342147827,0.15271618962287903,0.10018182545900345
1772728927772387600,7.8043876953125,0.2868010103702545,0.18814635276794434,-0.001832594396546483
1772728927781905700,7.81390576171875,0.2831358313560486,0.19608759880065918,-0.13011419773101807
1772728927791423500,7.823423583984375,0.282524973154068,0.17898337543010712,-0.24984370172023773
1772728927800941600,7.832941650390625,0.28557929396629333,0.14599667489528656,-0.34086254239082336
1772728927810459600,7.842459716796875,0.29046618938446045,0.11484257876873016,-0.3964512348175049
1772728927819977700,7.851977783203125,0.28985533118247986,0.0818558782339096,-0.4257727563381195
1772728927829495800,7.861495849609375,0.28069236874580383,0.04764745384454727,-0.43493571877479553
1772728927839013600,7.871013671875,0.2672533392906189,0.010384701192378998,-0.4276053309440613
1772728927848531700,7.88053173828125,0.24953825771808624,-0.024434590712189674,-0.4105011224746704
1772728927858049800,7.8900498046875,0.23243404924869537,-0.047036588191986084,-0.3854556679725647
1772728927867567900,7.89956787109375,0.2159406989812851,-0.04825831577181816,-0.35124725103378296
1772728927877086000,7.9090859375,0.19272783398628235,-0.03787361457943916,-0.30604326725006104
1772728927886604000,7.91860400390625,0.1597411334514618,-0.02260199747979641,-0.24495677649974823
1772728927896121900,7.928121826171875,0.12431098520755768,-0.014049889519810677,-0.1795942485332489
1772728927905640000,7.937639892578125,0.09437860548496246,-0.003665188793092966,-0.12034036219120026
1772728927915158000,7.947157958984375,0.06994401663541794,0.001832594396546483,-0.06963858753442764
1772728927924676000,7.956676025390625,0.0461202897131443,0.002443459117785096,-0.02626718580722809
1772728927934194000,7.96619384765625,0.022296564653515816,0,0.002443459117785096
1772728927943712000,7.9757119140625,0.0009162971982732415,0.004276053514331579,0.014660755172371864
1772728927953230000,7.98522998046875,-0.015577051788568497,0.01649334840476513,0.0054977829568088055
1772728927962748200,7.994748046875,-0.025961752980947495,0.03481929376721382,-0.031154103577136993
1772728927972266200,8.004266357421875,-0.03145953640341759,0.043982263654470444,-0.08613193035125732
1772728927981784300,8.013784423828126,-0.03390299528837204,0.04459312930703163,-0.14660754799842834
1772728927991302100,8.02330224609375,-0.03634645417332649,0.03543015569448471,-0.19425499439239502
1772728928000820200,8.0328203125,-0.0412333719432354,0.017715077847242355,-0.22479823231697083
1772728928010338300,8.04233837890625,-0.05283980444073677,-0.006719512399286032,-0.24862197041511536
1772728928019856400,8.0518564453125,-0.0772743970155716,-0.029932374134659767,-0.2657261788845062
1772728928029374200,8.061374267578126,-0.10476330667734146,-0.05253437161445618,-0.2626718580722809
1772728928038892300,8.070892333984375,-0.12980876863002777,-0.09101885557174683,-0.22785256803035736
1772728928048410400,8.080410400390624,-0.14508038759231567,-0.12705987691879272,-0.1545487940311432
1772728928057928400,8.089928466796875,-0.15241076052188873,-0.1533270627260208,-0.03848448023200035
1772728928067446500,8.099446533203125,-0.1591302752494812,-0.14660754799842834,0.10506874322891235
1772728928076964600,8.108964599609376,-0.1737910360097885,-0.10445787757635117,0.2370155304670334
1772728928086482400,8.118482421875,-0.19211697578430176,-0.05803215503692627,0.3194822669029236
1772728928096000500,8.12800048828125,-0.2110537886619568,-0.04153880476951599,0.32559093832969666
1772728928105518600,8.1375185546875,-0.22876885533332825,-0.06230820715427399,0.2565632164478302
1772728928115036700,8.14703662109375,-0.24465134739875793,-0.11484257876873016,0.14477495849132538
1772728928124554800,8.1565546875,-0.2525925934314728,-0.17287473380565643,0.023212861269712448
1772728928134072600,8.166072509765625,-0.2562577724456787,-0.21685700118541718,-0.07452550530433655
1772728928143590700,8.175590576171874,-0.2562577724456787,-0.2370155304670334,-0.13133592903614044
1772728928153108700,8.185108642578125,-0.25320345163345337,-0.24495677649974823,-0.1496618688106537
1772728928162626800,8.194626708984375,-0.24404047429561615,-0.2528980076313019,-0.13133592903614044
1772728928172144600,8.20414453125,-0.23732095956802368,-0.2528980076313019,-0.07635809481143951
1772728928181663000,8.2136630859375,-0.24037529528141022,-0.2364046722650528,0.01954767294228077
1772728928191180800,8.223180908203124,-0.25503605604171753,-0.2205221801996231,0.16249002516269684
1772728928200699000,8.232698974609375,-0.28069236874580383,-0.22174391150474548,0.33231043815612793
1772728928210217000,8.242217041015625,-0.31612253189086914,-0.22479823231697083,0.4819723069667816
1772728928229252900,8.2612529296875,-0.4010327160358429,-0.1954767256975174,0.6133082509040833
1772728928238771000,8.27077099609375,-0.42852163314819336,-0.17165300250053406,0.6218603253364563
1772728928248289000,8.2802890625,-0.44440412521362305,-0.1484401375055313,0.6090322136878967
1772728928257807000,8.28980712890625,-0.44990190863609314,-0.12278381735086441,0.5760455131530762
1772728928267325200,8.2993251953125,-0.4560105502605438,-0.08491020649671555,0.5192350745201111
1772728928276843000,8.308843017578125,-0.46395179629325867,-0.046425722539424896,0.4471530318260193
1772728928286361000,8.318361083984374,-0.48105600476264954,-0.026878049597144127,0.35796675086021423
1772728928295879200,8.327879150390626,-0.499381959438324,-0.03481929376721382,0.24923282861709595
1772728928305397200,8.337397216796875,-0.5128209590911865,-0.05192350596189499,0.12705987691879272
1772728928314915300,8.346915283203124,-0.5201513767242432,-0.06719512492418289,0
1772728928324433400,8.356433349609375,-0.5213730931282043,-0.08063415437936783,-0.11056652665138245
1772728928333951200,8.365951171875,-0.5128209590911865,-0.09712749719619751,-0.18814635276794434
1772728928343469300,8.37546923828125,-0.4987711012363434,-0.12034036219120026,-0.2412915825843811
1772728928352987400,8.3849873046875,-0.4786125421524048,-0.14294235408306122,-0.27366742491722107
1772728928362505500,8.39450537109375,-0.4517345130443573,-0.16004657745361328,-0.28527384996414185
1772728928372023300,8.404023193359375,-0.42363473773002625,-0.16859868168830872,-0.2712239623069763
1772728928381541400,8.413541259765625,-0.4016436040401459,-0.17043127119541168,-0.22235478460788727
1772728928391059500,8.4230595703125,-0.3741546869277954,-0.15821397304534912,-0.13439024984836578
1772728928400577500,8.43257763671875,-0.34605491161346436,-0.1331685185432434,-0.02626718580722809
1772728928410095600,8.442095703125,-0.32039856910705566,-0.10140355676412582,0.07330377399921417
1772728928419613700,8.45161376953125,-0.3020726442337036,-0.06475166976451874,0.13683371245861053
1772728928429131500,8.461131591796875,-0.2874118685722351,-0.030543239787220955,0.1594357043504715
1772728928438649600,8.470649658203126,-0.2776380479335785,-0.001832594396546483,0.14599667489528656
1772728928448167700,8.480167724609375,-0.2733619809150696,0.026878049597144127,0.10384701192378998
1772728928457685800,8.489685791015624,-0.2666424810886383,0.053145237267017365,0.04886918142437935
1772728928467203600,8.49920361328125,-0.25809037685394287,0.05925388261675835,-0.008552107028663158
1772728928476721700,8.5087216796875,-0.25381430983543396,0.05070177838206291,-0.0616973415017128
1772728928486239700,8.51823974609375,-0.24953825771808624,0.03298669680953026,-0.11423171311616898
1772728928495757800,8.5277578125,-0.24526220560073853,0.0030543238390237093,-0.16737695038318634
1772728928505276000,8.53727587890625,-0.23915356397628784,-0.03176496922969818,-0.22174391150474548
1772728928514794000,8.5467939453125,-0.23304490745067596,-0.06108647957444191,-0.2669478952884674
1772728928524311800,8.556311767578125,-0.21899501979351044,-0.08002328872680664,-0.30054548382759094
1772728928533830000,8.565829833984376,-0.19944734871387482,-0.0818558782339096,-0.3121519088745117
1772728928543348000,8.575347900390625,-0.17745621502399445,-0.06230820715427399,-0.2974911332130432
1772728928552866000,8.584865966796874,-0.1542433500289917,-0.0360410213470459,-0.2614501118659973
1772728928562384100,8.594384033203125,-0.1328630894422531,-0.010995565913617611,-0.21441353857517242
1772728928571902000,8.60390185546875,-0.11514800786972046,0.01649334840476513,-0.164322629570961
1772728928581420000,8.613419921875,-0.09560033679008484,0.04153880476951599,-0.12278381735086441
1772728928590938000,8.622938232421875,-0.07360920310020447,0.06719512492418289,-0.08918625861406326
1772728928600456200,8.632456298828124,-0.054672397673130035,0.0873536616563797,-0.0616973415017128
1772728928609974000,8.64197412109375,-0.03940077871084213,0.10201441496610641,-0.03909534588456154
1772728928619492400,8.651492431640625,-0.024740023538470268,0.1178968995809555,-0.024434590712189674
1772728928629010200,8.66101025390625,-0.006414080038666725,0.13988803327083588,-0.01893680728971958
1772728928638528300,8.6705283203125,0.012522728182375431,0.1649334877729416,-0.01649334840476513
1772728928648046300,8.68004638671875,0.032070402055978775,0.185092031955719,-0.014049889519810677
1772728928657564200,8.689564208984375,0.05283980444073677,0.19608759880065918,-0.011606430634856224
1772728928667082200,8.699082275390625,0.07299833744764328,0.19608759880065918,-0.01282816007733345
1772728928676600300,8.708600341796876,0.09865466505289078,0.18203771114349365,-0.01954767294228077
1772728928686118400,8.718118408203125,0.1285870373249054,0.15515965223312378,-0.021991131827235222
1772728928695636500,8.727636474609374,0.15546508133411407,0.11362084746360779,-0.017715077847242355
1772728928705154600,8.737154541015625,0.17623448371887207,0.059864748269319534,-0.001221729558892548
1772728928714672400,8.74667236328125,0.19394956529140472,-0.001832594396546483,0.03909534588456154
1772728928724190500,8.7561904296875,0.21288637816905975,-0.05803215503692627,0.09834922850131989
1772728928733708500,8.76570849609375,0.2306014597415924,-0.09285144507884979,0.16126830875873566
1772728928743226600,8.7752265625,0.24465134739875793,-0.10140355676412582,0.21685700118541718
1772728928752744700,8.78474462890625,0.2568686306476593,-0.07330377399921417,0.26022839546203613
1772728928762262800,8.7942626953125,0.27091851830482483,-0.006719512399286032,0.2767217457294464
1772728928771780600,8.803780517578126,0.2922987937927246,0.08918625861406326,0.26022839546203613
1772728928781298700,8.813298583984375,0.31490078568458557,0.1899789422750473,0.20463970303535461
1772728928790816800,8.822816650390624,0.3295615613460541,0.27550002932548523,0.1337793916463852
1772728928800334800,8.8323349609375,0.3454440236091614,0.33169957995414734,0.04764745384454727
1772728928809852700,8.841852783203125,0.36682429909706116,0.3530798554420471,-0.04520399495959282
1772728928819370800,8.851370849609374,0.3912588953971863,0.3426951467990875,-0.14477495849132538
1772728928828888800,8.860888916015625,0.4175260663032532,0.2938259541988373,-0.24801109731197357
1772728928838407000,8.870406982421875,0.43951719999313354,0.2101374864578247,-0.347582072019577
1772728928847925000,8.879925048828126,0.44929105043411255,0.09590577334165573,-0.4153880476951599
1772728928857443000,8.889443115234375,0.4627300798892975,-0.0665842592716217,-0.4147771894931793
1772728928866961000,8.8989609375,0.476779967546463,-0.24495677649974823,-0.3078758418560028
1772728928876479000,8.90847900390625,0.4761691093444824,-0.4001164436340332,-0.13255766034126282
1772728928885997000,8.9179970703125,0.4566214084625244,-0.4667007029056549,0.06963858753442764
1772728928895515100,8.92751513671875,0.4211912751197815,-0.43921178579330444,0.25900667905807495
1772728928905033000,8.937032958984375,0.38331764936447144,-0.328645259141922,0.40866854786872864
1772728928914551000,8.946551025390624,0.35155269503593445,-0.15210533142089844,0.5192350745201111
1772728928924069000,8.956069091796875,0.3344484567642212,0.06475166976451874,0.6035344004631042
1772728928933587200,8.965587158203125,0.3228420317173004,0.3042106628417969,0.6591231226921082
1772728928943105300,8.975105224609376,0.3075704276561737,0.5216785073280334,0.6695078015327454
1772728928952623400,8.984623291015625,0.28924447298049927,0.685390293598175,0.6249146461486816
1772728928962141200,8.99414111328125,0.27030766010284424,0.7806851863861084,0.5137372612953186
1772728928971659300,9.0036591796875,0.2507599890232086,0.8240565657615662,0.3433060050010681
1772728928981177300,9.01317724609375,0.23976442217826843,0.8167262077331543,0.14721840620040894
1772728928990695400,9.0226953125,0.24404047429561615,0.7422007322311401,-0.03909534588456154
1772728929000213500,9.032213623046875,0.2513708472251892,0.6401863098144531,-0.1948658674955368
1772728929009731300,9.0417314453125,0.27519458532333374,0.5180133581161499,-0.3078758418560028
1772728929019249400,9.05124951171875,0.30573782324790955,0.3689623177051544,-0.3750709891319275
1772728929028767500,9.060767578125,0.3344484567642212,0.18875721096992493,-0.3854556679725647
1772728929038285600,9.07028564453125,0.3588830530643463,-0.009773836471140385,-0.3481929302215576
1772728929047803400,9.079803466796875,0.3753764033317566,-0.20463970303535461,-0.2767217457294464
1772728929057321500,9.089321533203124,0.38698282837867737,-0.36224281787872314,-0.1954767256975174
1772728929066839600,9.098839599609375,0.38820457458496094,-0.4520399272441864,-0.1178968995809555
1772728929076357600,9.108357666015625,0.37293294072151184,-0.4612029194831848,-0.04764745384454727
1772728929085875700,9.117875732421876,0.3484983444213867,-0.3897317349910736,0.014049889519810677
1772728929095393800,9.127393798828125,0.3185659945011139,-0.2608392536640167,0.06719512492418289
1772728929104911600,9.13691162109375,0.2868010103702545,-0.12400554865598679,0.1178968995809555
1772728929114429700,9.1464296875,0.2556469142436981,0.009162971749901772,0.15515965223312378
1772728929123947800,9.15594775390625,0.22266021370887756,0.12522727251052856,0.16249002516269684
1772728929133465900,9.1654658203125,0.18845178186893463,0.20341797173023224,0.12278381735086441
1772728929142984000,9.17498388671875,0.15607595443725586,0.2419024556875229,0.04153880476951599
1772728929152501800,9.184501708984374,0.129197895526886,0.25350889563560486,-0.05864302068948746
1772728929162019800,9.194019775390625,0.11087195575237274,0.2516762912273407,-0.1594357043504715
1772728929171538000,9.203537841796875,0.09987638890743256,0.23518294095993042,-0.23884813487529755
1772728929181056000,9.213055908203126,0.09682206809520721,0.20280711352825165,-0.287106454372406
1772728929190574000,9.222573974609375,0.09560033679008484,0.16126830875873566,-0.3042106628417969
1772728929200092200,9.232092041015624,0.09560033679008484,0.12217295914888382,-0.29993459582328796
1772728929209610000,9.24160986328125,0.09315688163042068,0.08002328872680664,-0.2864955961704254
1772728929219128000,9.251128173828125,0.08643736690282822,0.02626718580722809,-0.2657261788845062
1772728929228646100,9.260646240234376,0.07544180005788803,-0.034208428114652634,-0.23029601573944092
1772728929238164200,9.270164306640625,0.05528326332569122,-0.08063415437936783,-0.18387030065059662
1772728929247682000,9.27968212890625,0.03329212963581085,-0.11423171311616898,-0.13194678723812103
1772728929257200000,9.2892001953125,0.004581485874950886,-0.13927717506885529,-0.07880155742168427
1772728929266718200,9.29871826171875,-0.03023780696094036,-0.1588248461484909,-0.03237583488225937
1772728929276236300,9.308236328125,-0.06811141967773438,-0.16187916696071625,0.008552107028663158
1772728929285754000,9.317754150390625,-0.10048725455999374,-0.13927717506885529,0.050090912729501724
1772728929295272400,9.3272724609375,-0.12553271651268005,-0.10690133273601532,0.0977383628487587
1772728929304790300,9.336790283203126,-0.1432477980852127,-0.06780599057674408,0.14782927930355072
1772728929314308400,9.346308349609375,-0.15302163362503052,-0.03543015569448471,0.19364413619041443
1772728929323826400,9.355826416015624,-0.15790854394435883,-0.007330377586185932,0.22663083672523499
1772728929333344500,9.365344482421875,-0.16340632736682892,0.000610864779446274,0.2370155304670334
1772728929342862300,9.3748623046875,-0.168904110789299,-0.028099779039621353,0.22174391150474548
1772728929352380400,9.38438037109375,-0.17867794632911682,-0.08613193035125732,0.17104214429855347
1772728929361898500,9.3938984375,-0.19272783398628235,-0.15149445831775665,0.09407317638397217
1772728929371416600,9.40341650390625,-0.20799945294857025,-0.21135921776294708,0.009162971749901772
1772728929380934700,9.4129345703125,-0.21838416159152985,-0.24495677649974823,-0.06047561392188072
1772728929390452500,9.422452392578125,-0.22693626582622528,-0.25411975383758545,-0.09468404203653336
1772728929399970600,9.431970458984376,-0.2367101013660431,-0.25534147024154663,-0.08918625861406326
1772728929409488600,9.441488525390625,-0.24404047429561615,-0.24984370172023773,-0.0513126403093338
1772728929419006700,9.4510068359375,-0.25992295145988464,-0.23396120965480804,0.02260199747979641
1772728929428524800,9.46052490234375,-0.28435754776000977,-0.2205221801996231,0.13072505593299866
1772728929438043000,9.47004296875,-0.31673339009284973,-0.20708316564559937,0.24984370172023773
1772728929447560700,9.479560791015626,-0.34177884459495544,-0.17715078592300415,0.36285367608070374
1772728929457078800,9.489078857421875,-0.3582721948623657,-0.13255766034126282,0.4422661066055298
1772728929466596900,9.498596923828124,-0.3656025826931,-0.09529490768909454,0.46425724029541016
1772728929476115000,9.508114990234375,-0.3704894781112671,-0.0720820426940918,0.42821621894836426
1772728929485632800,9.5176328125,-0.3686569035053253,-0.056810423731803894,0.35124725103378296
1772728929495150800,9.52715087890625,-0.3503309488296509,-0.034208428114652634,0.2565632164478302
1772728929504669000,9.5366689453125,-0.323452889919281,-0.007941242307424545,0.15699224174022675
1772728929514187000,9.54618701171875,-0.2977965772151947,-0.011606430634856224,0.06963858753442764
1772728929523705000,9.555705078125,-0.2782489061355591,-0.056199558079242706,0.014660755172371864
1772728929533223200,9.56522314453125,-0.25503605604171753,-0.14599667489528656,0.020158538594841957
1772728929542741000,9.574740966796876,-0.2306014597415924,-0.2522871494293213,0.0922405794262886
1772728929552259000,9.584259033203125,-0.20677772164344788,-0.3170388340950012,0.23884813487529755
1772728929561777200,9.593777099609374,-0.18784092366695404,-0.3390299379825592,0.4221075773239136
1772728929571295200,9.603295166015625,-0.1945604383945465,-0.3243691921234131,0.5968148708343506
1772728929580813300,9.612813232421875,-0.2306014597415924,-0.27488914132118225,0.7336485981941223
1772728929590331100,9.6223310546875,-0.28557929396629333,-0.19425499439239502,0.8240565657615662
1772728929599849200,9.63184912109375,-0.33505934476852417,-0.1130099818110466,0.8655954003334045
1772728929609367300,9.6413671875,-0.36743515729904175,-0.04153880476951599,0.8631519079208374
1772728929618885400,9.650885498046875,-0.37781986594200134,0.03543015569448471,0.8240565657615662
1772728929628403500,9.660403564453125,-0.3637699782848358,0.10751219838857651,0.7519745230674744
1772728929637921500,9.669921630859376,-0.33322674036026,0.15821397304534912,0.6462949514389038
1772728929647439400,9.679439453125,-0.3020726442337036,0.1893680840730667,0.5088503360748291
1772728929656957400,9.68895751953125,-0.2721402645111084,0.19914191961288452,0.3597993552684784
1772728929666475500,9.6984755859375,-0.2458730787038803,0.185092031955719,0.22785256803035736
1772728929675993600,9.70799365234375,-0.2159406989812851,0.1380554437637329,0.1185077652335167
1772728929685511400,9.717511474609376,-0.19089524447917938,0.07941242307424545,0.02626718580722809
1772728929695029500,9.727029541015625,-0.18112140893936157,0.02260199747979641,-0.06536252796649933
1772728929704547600,9.736547607421874,-0.18295399844646454,-0.040317077189683914,-0.16004657745361328
1772728929714065700,9.746065673828125,-0.18906265497207642,-0.10079269111156464,-0.2467893660068512
1772728929723583500,9.75558349609375,-0.20433427393436432,-0.06108647957444191,-0.2510654330253601
1772728929733101600,9.7651015625,-0.23487751185894012,-0.014049889519810677,-0.24495677649974823
1772728929761655800,9.79365576171875,-0.24037529528141022,-0.3634645342826843,-0.5601630210876465
1772728929771174000,9.803173828125,-0.23487751185894012,-0.4453204274177551,-0.5693259835243225
1772728929780691700,9.812691650390626,-0.22204934060573578,-0.4886918365955353,-0.5186241865158081
1772728929790209800,9.822209716796875,-0.19333870708942413,-0.46914416551589966,-0.40927940607070923
1772728929799727900,9.831727783203124,-0.16279546916484833,-0.35246896743774414,-0.23762640357017517
